Province/State,Observation Date,Confirmed,Daily Confirmed,Deaths,Recovered,Daily Confirmed rate,Daily Death,Daily Recovered
Anhui,22-01-2020,1,1,0,0,1.0,0,0
Anhui,23-01-2020,9,8,0,0,0.8888888888888888,0,0
Anhui,24-01-2020,15,6,0,0,0.4,0,0
Anhui,25-01-2020,39,24,0,0,0.6153846153846154,0,0
Anhui,26-01-2020,60,21,0,0,0.35,0,0
Anhui,27-01-2020,70,10,0,0,0.14285714285714285,0,0
Anhui,28-01-2020,106,36,0,0,0.33962264150943394,0,0
Anhui,29-01-2020,152,46,0,2,0.3026315789473684,0,2
Anhui,30-01-2020,200,48,0,2,0.24,0,0
Anhui,31-01-2020,237,37,0,3,0.15611814345991562,0,1
Anhui,01-02-2020,297,60,0,5,0.20202020202020202,0,2
Anhui,02-02-2020,340,43,0,7,0.1264705882352941,0,2
Anhui,03-02-2020,408,68,0,14,0.16666666666666666,0,7
Anhui,04-02-2020,480,72,0,20,0.15,0,6
Anhui,05-02-2020,530,50,0,23,0.09433962264150944,0,3
Anhui,06-02-2020,591,61,0,34,0.10321489001692047,0,11
Anhui,07-02-2020,665,74,0,47,0.11127819548872181,0,13
Anhui,08-02-2020,733,68,0,59,0.0927694406548431,0,12
Anhui,09-02-2020,779,46,1,72,0.059050064184852376,1,13
Anhui,10-02-2020,830,51,3,88,0.06144578313253012,2,16
Anhui,11-02-2020,860,30,4,105,0.03488372093023256,1,17
Anhui,12-02-2020,889,29,4,127,0.03262092238470191,0,22
Anhui,13-02-2020,910,21,5,157,0.023076923076923078,1,30
Anhui,14-02-2020,934,24,6,193,0.02569593147751606,1,36
Anhui,15-02-2020,950,16,6,221,0.016842105263157894,0,28
Anhui,16-02-2020,962,12,6,255,0.012474012474012475,0,34
Anhui,17-02-2020,973,11,6,280,0.011305241521068859,0,25
Anhui,18-02-2020,982,9,6,361,0.009164969450101833,0,81
Anhui,19-02-2020,986,4,6,413,0.004056795131845842,0,52
Anhui,20-02-2020,987,1,6,474,0.0010131712259371835,0,61
Anhui,21-02-2020,988,1,6,539,0.0010121457489878543,0,65
Anhui,22-02-2020,989,1,6,597,0.0010111223458038423,0,58
Anhui,23-02-2020,989,0,6,637,0.0,0,40
Anhui,24-02-2020,989,0,6,663,0.0,0,26
Anhui,25-02-2020,989,0,6,712,0.0,0,49
Anhui,26-02-2020,989,0,6,744,0.0,0,32
Anhui,27-02-2020,989,0,6,792,0.0,0,48
Anhui,28-02-2020,990,1,6,821,0.00101010101010101,0,29
Anhui,29-02-2020,990,0,6,868,0.0,0,47
Anhui,01-03-2020,990,0,6,873,0.0,0,5
Anhui,02-03-2020,990,0,6,917,0.0,0,44
Anhui,03-03-2020,990,0,6,936,0.0,0,19
Anhui,04-03-2020,990,0,6,956,0.0,0,20
Anhui,05-03-2020,990,0,6,970,0.0,0,14
Anhui,06-03-2020,990,0,6,979,0.0,0,9
Anhui,07-03-2020,990,0,6,979,0.0,0,0
Anhui,08-03-2020,990,0,6,984,0.0,0,5
Anhui,09-03-2020,990,0,6,984,0.0,0,0
Anhui,10-03-2020,990,0,6,984,0.0,0,0
Anhui,11-03-2020,990,0,6,984,0.0,0,0
Anhui,12-03-2020,990,0,6,984,0.0,0,0
Anhui,13-03-2020,990,0,6,984,0.0,0,0
Anhui,14-03-2020,990,0,6,984,0.0,0,0
Anhui,15-03-2020,990,0,6,984,0.0,0,0
Beijing,22-01-2020,14,14,0,0,1.0,0,0
Beijing,23-01-2020,22,8,0,0,0.36363636363636365,0,0
Beijing,24-01-2020,36,14,0,1,0.3888888888888889,0,1
Beijing,25-01-2020,41,5,0,2,0.12195121951219512,0,1
Beijing,26-01-2020,68,27,0,2,0.39705882352941174,0,0
Beijing,27-01-2020,80,12,1,2,0.15,1,0
Beijing,28-01-2020,91,11,1,4,0.12087912087912088,0,2
Beijing,29-01-2020,111,20,1,4,0.18018018018018017,0,0
Beijing,30-01-2020,114,3,1,4,0.02631578947368421,0,0
Beijing,31-01-2020,139,25,1,5,0.17985611510791366,0,1
Beijing,01-02-2020,168,29,1,9,0.17261904761904762,0,4
Beijing,02-02-2020,191,23,1,9,0.12041884816753927,0,0
Beijing,03-02-2020,212,21,1,12,0.09905660377358491,0,3
Beijing,04-02-2020,228,16,1,23,0.07017543859649122,0,11
Beijing,05-02-2020,253,25,1,24,0.09881422924901186,0,1
Beijing,06-02-2020,274,21,1,31,0.07664233576642336,0,7
Beijing,07-02-2020,297,23,1,33,0.07744107744107744,0,2
Beijing,08-02-2020,315,18,2,34,0.05714285714285714,1,1
Beijing,09-02-2020,326,11,2,37,0.03374233128834356,0,3
Beijing,10-02-2020,337,11,2,44,0.032640949554896145,0,7
Beijing,11-02-2020,342,5,3,48,0.014619883040935672,1,4
Beijing,12-02-2020,352,10,3,56,0.028409090909090908,0,8
Beijing,13-02-2020,366,14,3,69,0.03825136612021858,0,13
Beijing,14-02-2020,372,6,3,80,0.016129032258064516,0,11
Beijing,15-02-2020,375,3,4,98,0.008,1,18
Beijing,16-02-2020,380,5,4,108,0.013157894736842105,0,10
Beijing,17-02-2020,381,1,4,114,0.0026246719160104987,0,6
Beijing,18-02-2020,387,6,4,122,0.015503875968992248,0,8
Beijing,19-02-2020,393,6,4,145,0.015267175572519083,0,23
Beijing,20-02-2020,395,2,4,153,0.005063291139240506,0,8
Beijing,21-02-2020,396,1,4,169,0.0025252525252525255,0,16
Beijing,22-02-2020,399,3,4,178,0.007518796992481203,0,9
Beijing,23-02-2020,399,0,4,189,0.0,0,11
Beijing,24-02-2020,399,0,4,198,0.0,0,9
Beijing,25-02-2020,400,1,4,215,0.0025,0,17
Beijing,26-02-2020,400,0,4,235,0.0,0,20
Beijing,27-02-2020,410,10,5,248,0.024390243902439025,1,13
Beijing,28-02-2020,410,0,7,257,0.0,2,9
Beijing,29-02-2020,411,1,8,271,0.0024330900243309003,1,14
Beijing,01-03-2020,413,2,8,276,0.004842615012106538,0,5
Beijing,02-03-2020,414,1,8,282,0.0024154589371980675,0,6
Beijing,03-03-2020,414,0,8,288,0.0,0,6
Beijing,04-03-2020,418,4,8,297,0.009569377990430622,0,9
Beijing,05-03-2020,418,0,8,297,0.0,0,0
Beijing,06-03-2020,422,4,8,299,0.009478672985781991,0,2
Beijing,07-03-2020,426,4,8,303,0.009389671361502348,0,4
Beijing,08-03-2020,428,2,8,308,0.004672897196261682,0,5
Beijing,09-03-2020,428,0,8,315,0.0,0,7
Beijing,10-03-2020,429,1,8,320,0.002331002331002331,0,5
Beijing,11-03-2020,435,6,8,326,0.013793103448275862,0,6
Beijing,12-03-2020,435,0,8,334,0.0,0,8
Beijing,13-03-2020,436,1,8,342,0.0022935779816513763,0,8
Beijing,14-03-2020,437,1,8,349,0.002288329519450801,0,7
Beijing,15-03-2020,442,5,8,353,0.011312217194570135,0,4
Chongqing,22-01-2020,6,6,0,0,1.0,0,0
Chongqing,23-01-2020,9,3,0,0,0.3333333333333333,0,0
Chongqing,24-01-2020,27,18,0,0,0.6666666666666666,0,0
Chongqing,25-01-2020,57,30,0,0,0.5263157894736842,0,0
Chongqing,26-01-2020,75,18,0,0,0.24,0,0
Chongqing,27-01-2020,110,35,0,0,0.3181818181818182,0,0
Chongqing,28-01-2020,132,22,0,0,0.16666666666666666,0,0
Chongqing,29-01-2020,147,15,0,1,0.10204081632653061,0,1
Chongqing,30-01-2020,182,35,0,1,0.19230769230769232,0,0
Chongqing,31-01-2020,211,29,0,1,0.13744075829383887,0,0
Chongqing,01-02-2020,247,36,1,3,0.145748987854251,1,2
Chongqing,02-02-2020,300,53,2,7,0.17666666666666667,1,4
Chongqing,03-02-2020,337,37,2,9,0.10979228486646884,0,2
Chongqing,04-02-2020,366,29,2,9,0.07923497267759563,0,0
Chongqing,05-02-2020,389,23,2,15,0.05912596401028278,0,6
Chongqing,06-02-2020,411,22,2,24,0.0535279805352798,0,9
Chongqing,07-02-2020,426,15,2,31,0.035211267605633804,0,7
Chongqing,08-02-2020,428,2,2,39,0.004672897196261682,0,8
Chongqing,09-02-2020,468,40,2,51,0.08547008547008547,0,12
Chongqing,10-02-2020,486,18,2,66,0.037037037037037035,0,15
Chongqing,11-02-2020,505,19,3,79,0.03762376237623762,1,13
Chongqing,12-02-2020,518,13,3,102,0.025096525096525095,0,23
Chongqing,13-02-2020,529,11,4,128,0.020793950850661626,1,26
Chongqing,14-02-2020,537,8,5,152,0.0148975791433892,1,24
Chongqing,15-02-2020,544,7,5,184,0.012867647058823529,0,32
Chongqing,16-02-2020,551,7,5,207,0.012704174228675136,0,23
Chongqing,17-02-2020,553,2,5,225,0.003616636528028933,0,18
Chongqing,18-02-2020,555,2,5,254,0.0036036036036036037,0,29
Chongqing,19-02-2020,560,5,5,274,0.008928571428571428,0,20
Chongqing,20-02-2020,567,7,6,299,0.012345679012345678,1,25
Chongqing,21-02-2020,572,5,6,316,0.008741258741258742,0,17
Chongqing,22-02-2020,573,1,6,328,0.0017452006980802793,0,12
Chongqing,23-02-2020,575,2,6,335,0.0034782608695652175,0,7
Chongqing,24-02-2020,576,1,6,349,0.001736111111111111,0,14
Chongqing,25-02-2020,576,0,6,372,0.0,0,23
Chongqing,26-02-2020,576,0,6,384,0.0,0,12
Chongqing,27-02-2020,576,0,6,401,0.0,0,17
Chongqing,28-02-2020,576,0,6,422,0.0,0,21
Chongqing,29-02-2020,576,0,6,438,0.0,0,16
Chongqing,01-03-2020,576,0,6,450,0.0,0,12
Chongqing,02-03-2020,576,0,6,469,0.0,0,19
Chongqing,03-03-2020,576,0,6,490,0.0,0,21
Chongqing,04-03-2020,576,0,6,502,0.0,0,12
Chongqing,05-03-2020,576,0,6,512,0.0,0,10
Chongqing,06-03-2020,576,0,6,513,0.0,0,1
Chongqing,07-03-2020,576,0,6,526,0.0,0,13
Chongqing,08-03-2020,576,0,6,527,0.0,0,1
Chongqing,09-03-2020,576,0,6,542,0.0,0,15
Chongqing,10-03-2020,576,0,6,547,0.0,0,5
Chongqing,11-03-2020,576,0,6,554,0.0,0,7
Chongqing,12-03-2020,576,0,6,564,0.0,0,10
Chongqing,13-03-2020,576,0,6,566,0.0,0,2
Chongqing,14-03-2020,576,0,6,569,0.0,0,3
Chongqing,15-03-2020,576,0,6,570,0.0,0,1
Fujian,22-01-2020,1,1,0,0,1.0,0,0
Fujian,23-01-2020,5,4,0,0,0.8,0,0
Fujian,24-01-2020,10,5,0,0,0.5,0,0
Fujian,25-01-2020,18,8,0,0,0.4444444444444444,0,0
Fujian,26-01-2020,35,17,0,0,0.4857142857142857,0,0
Fujian,27-01-2020,59,24,0,0,0.4067796610169492,0,0
Fujian,28-01-2020,80,21,0,0,0.2625,0,0
Fujian,29-01-2020,84,4,0,0,0.047619047619047616,0,0
Fujian,30-01-2020,101,17,0,0,0.16831683168316833,0,0
Fujian,31-01-2020,120,19,0,0,0.15833333333333333,0,0
Fujian,01-02-2020,144,24,0,0,0.16666666666666666,0,0
Fujian,02-02-2020,159,15,0,0,0.09433962264150944,0,0
Fujian,03-02-2020,179,20,0,1,0.11173184357541899,0,1
Fujian,04-02-2020,194,15,0,3,0.07731958762886598,0,2
Fujian,05-02-2020,205,11,0,11,0.05365853658536585,0,8
Fujian,06-02-2020,215,10,0,14,0.046511627906976744,0,3
Fujian,07-02-2020,224,9,0,20,0.04017857142857143,0,6
Fujian,08-02-2020,239,15,0,24,0.06276150627615062,0,4
Fujian,09-02-2020,250,11,0,35,0.044,0,11
Fujian,10-02-2020,261,11,0,39,0.0421455938697318,0,4
Fujian,11-02-2020,267,6,0,45,0.02247191011235955,0,6
Fujian,12-02-2020,272,5,0,53,0.01838235294117647,0,8
Fujian,13-02-2020,279,7,0,57,0.025089605734767026,0,4
Fujian,14-02-2020,281,2,0,63,0.0071174377224199285,0,6
Fujian,15-02-2020,285,4,0,71,0.014035087719298246,0,8
Fujian,16-02-2020,287,2,0,82,0.006968641114982578,0,11
Fujian,17-02-2020,290,3,0,90,0.010344827586206896,0,8
Fujian,18-02-2020,292,2,0,93,0.00684931506849315,0,3
Fujian,19-02-2020,293,1,0,112,0.0034129692832764505,0,19
Fujian,20-02-2020,293,0,1,126,0.0,1,14
Fujian,21-02-2020,293,0,1,149,0.0,0,23
Fujian,22-02-2020,293,0,1,162,0.0,0,13
Fujian,23-02-2020,293,0,1,170,0.0,0,8
Fujian,24-02-2020,293,0,1,183,0.0,0,13
Fujian,25-02-2020,294,1,1,199,0.003401360544217687,0,16
Fujian,26-02-2020,294,0,1,218,0.0,0,19
Fujian,27-02-2020,296,2,1,228,0.006756756756756757,0,10
Fujian,28-02-2020,296,0,1,235,0.0,0,7
Fujian,29-02-2020,296,0,1,243,0.0,0,8
Fujian,01-03-2020,296,0,1,247,0.0,0,4
Fujian,02-03-2020,296,0,1,255,0.0,0,8
Fujian,03-03-2020,296,0,1,260,0.0,0,5
Fujian,04-03-2020,296,0,1,270,0.0,0,10
Fujian,05-03-2020,296,0,1,277,0.0,0,7
Fujian,06-03-2020,296,0,1,284,0.0,0,7
Fujian,07-03-2020,296,0,1,295,0.0,0,11
Fujian,08-03-2020,296,0,1,295,0.0,0,0
Fujian,09-03-2020,296,0,1,295,0.0,0,0
Fujian,10-03-2020,296,0,1,295,0.0,0,0
Fujian,11-03-2020,296,0,1,295,0.0,0,0
Fujian,12-03-2020,296,0,1,295,0.0,0,0
Fujian,13-03-2020,296,0,1,295,0.0,0,0
Fujian,14-03-2020,296,0,1,295,0.0,0,0
Fujian,15-03-2020,296,0,1,295,0.0,0,0
Gansu,22-01-2020,0,0,0,0,,0,0
Gansu,23-01-2020,2,2,0,0,1.0,0,0
Gansu,24-01-2020,2,0,0,0,0.0,0,0
Gansu,25-01-2020,4,2,0,0,0.5,0,0
Gansu,26-01-2020,7,3,0,0,0.42857142857142855,0,0
Gansu,27-01-2020,14,7,0,0,0.5,0,0
Gansu,28-01-2020,19,5,0,0,0.2631578947368421,0,0
Gansu,29-01-2020,24,5,0,0,0.20833333333333334,0,0
Gansu,30-01-2020,26,2,0,0,0.07692307692307693,0,0
Gansu,31-01-2020,29,3,0,0,0.10344827586206896,0,0
Gansu,01-02-2020,40,11,0,0,0.275,0,0
Gansu,02-02-2020,51,11,0,3,0.21568627450980393,0,3
Gansu,03-02-2020,55,4,0,3,0.07272727272727272,0,0
Gansu,04-02-2020,57,2,0,4,0.03508771929824561,0,1
Gansu,05-02-2020,62,5,0,6,0.08064516129032258,0,2
Gansu,06-02-2020,62,0,0,6,0.0,0,0
Gansu,07-02-2020,67,5,0,9,0.07462686567164178,0,3
Gansu,08-02-2020,79,12,1,12,0.1518987341772152,1,3
Gansu,09-02-2020,83,4,2,16,0.04819277108433735,1,4
Gansu,10-02-2020,83,0,2,17,0.0,0,1
Gansu,11-02-2020,86,3,2,24,0.03488372093023256,0,7
Gansu,12-02-2020,87,1,2,31,0.011494252873563218,0,7
Gansu,13-02-2020,90,3,2,39,0.03333333333333333,0,8
Gansu,14-02-2020,90,0,2,39,0.0,0,0
Gansu,15-02-2020,90,0,2,49,0.0,0,10
Gansu,16-02-2020,90,0,2,54,0.0,0,5
Gansu,17-02-2020,91,1,2,58,0.01098901098901099,0,4
Gansu,18-02-2020,91,0,2,62,0.0,0,4
Gansu,19-02-2020,91,0,2,65,0.0,0,3
Gansu,20-02-2020,91,0,2,71,0.0,0,6
Gansu,21-02-2020,91,0,2,76,0.0,0,5
Gansu,22-02-2020,91,0,2,76,0.0,0,0
Gansu,23-02-2020,91,0,2,78,0.0,0,2
Gansu,24-02-2020,91,0,2,80,0.0,0,2
Gansu,25-02-2020,91,0,2,80,0.0,0,0
Gansu,26-02-2020,91,0,2,81,0.0,0,1
Gansu,27-02-2020,91,0,2,81,0.0,0,0
Gansu,28-02-2020,91,0,2,82,0.0,0,1
Gansu,29-02-2020,91,0,2,82,0.0,0,0
Gansu,01-03-2020,91,0,2,84,0.0,0,2
Gansu,02-03-2020,91,0,2,85,0.0,0,1
Gansu,03-03-2020,91,0,2,86,0.0,0,1
Gansu,04-03-2020,91,0,2,87,0.0,0,1
Gansu,05-03-2020,102,11,2,87,0.10784313725490197,0,0
Gansu,06-03-2020,119,17,2,87,0.14285714285714285,0,0
Gansu,07-03-2020,120,1,2,87,0.008333333333333333,0,0
Gansu,08-03-2020,124,4,2,87,0.03225806451612903,0,0
Gansu,09-03-2020,124,0,2,88,0.0,0,1
Gansu,10-03-2020,125,1,2,88,0.008,0,0
Gansu,11-03-2020,127,2,2,88,0.015748031496062992,0,0
Gansu,12-03-2020,127,0,2,88,0.0,0,0
Gansu,13-03-2020,127,0,2,88,0.0,0,0
Gansu,14-03-2020,129,2,2,89,0.015503875968992248,0,1
Gansu,15-03-2020,133,4,2,91,0.03007518796992481,0,2
Guangdong,22-01-2020,26,26,0,0,1.0,0,0
Guangdong,23-01-2020,32,6,0,2,0.1875,0,2
Guangdong,24-01-2020,53,21,0,2,0.39622641509433965,0,0
Guangdong,25-01-2020,78,25,0,2,0.32051282051282054,0,0
Guangdong,26-01-2020,111,33,0,2,0.2972972972972973,0,0
Guangdong,27-01-2020,151,40,0,4,0.26490066225165565,0,2
Guangdong,28-01-2020,207,56,0,4,0.27053140096618356,0,0
Guangdong,29-01-2020,277,70,0,5,0.2527075812274368,0,1
Guangdong,30-01-2020,354,77,0,10,0.2175141242937853,0,5
Guangdong,31-01-2020,436,82,0,11,0.18807339449541285,0,1
Guangdong,01-02-2020,535,99,0,14,0.18504672897196262,0,3
Guangdong,02-02-2020,632,97,0,15,0.15348101265822786,0,1
Guangdong,03-02-2020,725,93,0,21,0.12827586206896552,0,6
Guangdong,04-02-2020,813,88,0,30,0.10824108241082411,0,9
Guangdong,05-02-2020,895,82,0,49,0.09162011173184358,0,19
Guangdong,06-02-2020,970,75,0,69,0.07731958762886598,0,20
Guangdong,07-02-2020,1034,64,1,88,0.061895551257253385,1,19
Guangdong,08-02-2020,1095,61,1,112,0.05570776255707763,0,24
Guangdong,09-02-2020,1131,36,1,141,0.03183023872679045,0,29
Guangdong,10-02-2020,1159,28,1,167,0.024158757549611734,0,26
Guangdong,11-02-2020,1177,18,1,212,0.015293118096856415,0,45
Guangdong,12-02-2020,1219,42,1,275,0.034454470877768664,0,63
Guangdong,13-02-2020,1241,22,2,314,0.017727639000805803,1,39
Guangdong,14-02-2020,1261,20,2,362,0.01586042823156225,0,48
Guangdong,15-02-2020,1294,33,2,410,0.025502318392581144,0,48
Guangdong,16-02-2020,1316,22,2,465,0.016717325227963525,0,55
Guangdong,17-02-2020,1322,6,4,524,0.0045385779122541605,2,59
Guangdong,18-02-2020,1328,6,4,565,0.004518072289156626,0,41
Guangdong,19-02-2020,1331,3,5,606,0.002253944402704733,1,41
Guangdong,20-02-2020,1332,1,5,642,0.0007507507507507507,0,36
Guangdong,21-02-2020,1333,1,5,690,0.0007501875468867217,0,48
Guangdong,22-02-2020,1339,6,5,728,0.004480955937266617,0,38
Guangdong,23-02-2020,1342,3,6,755,0.0022354694485842027,1,27
Guangdong,24-02-2020,1345,3,6,786,0.0022304832713754648,0,31
Guangdong,25-02-2020,1347,2,7,822,0.0014847809948032665,1,36
Guangdong,26-02-2020,1347,0,7,851,0.0,0,29
Guangdong,27-02-2020,1347,0,7,890,0.0,0,39
Guangdong,28-02-2020,1348,1,7,935,0.000741839762611276,0,45
Guangdong,29-02-2020,1349,1,7,983,0.0007412898443291327,0,48
Guangdong,01-03-2020,1349,0,7,1016,0.0,0,33
Guangdong,02-03-2020,1350,1,7,1059,0.0007407407407407407,0,43
Guangdong,03-03-2020,1350,0,7,1101,0.0,0,42
Guangdong,04-03-2020,1350,0,7,1133,0.0,0,32
Guangdong,05-03-2020,1351,1,7,1181,0.0007401924500370096,0,48
Guangdong,06-03-2020,1352,1,7,1216,0.0007396449704142012,0,35
Guangdong,07-03-2020,1352,0,7,1237,0.0,0,21
Guangdong,08-03-2020,1352,0,7,1256,0.0,0,19
Guangdong,09-03-2020,1352,0,8,1260,0.0,1,4
Guangdong,10-03-2020,1353,1,8,1274,0.0007390983000739098,0,14
Guangdong,11-03-2020,1356,3,8,1282,0.0022123893805309734,0,8
Guangdong,12-03-2020,1356,0,8,1289,0.0,0,7
Guangdong,13-03-2020,1356,0,8,1296,0.0,0,7
Guangdong,14-03-2020,1356,0,8,1299,0.0,0,3
Guangdong,15-03-2020,1360,4,8,1304,0.0029411764705882353,0,5
Guangxi,22-01-2020,2,2,0,0,1.0,0,0
Guangxi,23-01-2020,5,3,0,0,0.6,0,0
Guangxi,24-01-2020,23,18,0,0,0.782608695652174,0,0
Guangxi,25-01-2020,23,0,0,0,0.0,0,0
Guangxi,26-01-2020,36,13,0,0,0.3611111111111111,0,0
Guangxi,27-01-2020,46,10,0,0,0.21739130434782608,0,0
Guangxi,28-01-2020,51,5,0,2,0.09803921568627451,0,2
Guangxi,29-01-2020,58,7,0,2,0.1206896551724138,0,0
Guangxi,30-01-2020,78,20,0,2,0.2564102564102564,0,0
Guangxi,31-01-2020,87,9,0,2,0.10344827586206896,0,0
Guangxi,01-02-2020,100,13,0,2,0.13,0,0
Guangxi,02-02-2020,111,11,0,2,0.0990990990990991,0,0
Guangxi,03-02-2020,127,16,0,7,0.12598425196850394,0,5
Guangxi,04-02-2020,139,12,0,10,0.08633093525179857,0,3
Guangxi,05-02-2020,150,11,0,13,0.07333333333333333,0,3
Guangxi,06-02-2020,168,18,0,14,0.10714285714285714,0,1
Guangxi,07-02-2020,172,4,0,17,0.023255813953488372,0,3
Guangxi,08-02-2020,183,11,0,17,0.060109289617486336,0,0
Guangxi,09-02-2020,195,12,1,18,0.06153846153846154,1,1
Guangxi,10-02-2020,210,15,1,24,0.07142857142857142,0,6
Guangxi,11-02-2020,215,5,1,33,0.023255813953488372,0,9
Guangxi,12-02-2020,222,7,1,32,0.03153153153153153,0,0
Guangxi,13-02-2020,222,0,2,33,0.0,1,1
Guangxi,14-02-2020,226,4,2,36,0.017699115044247787,0,3
Guangxi,15-02-2020,235,9,2,44,0.03829787234042553,0,8
Guangxi,16-02-2020,237,2,2,49,0.008438818565400843,0,5
Guangxi,17-02-2020,238,1,2,53,0.004201680672268907,0,4
Guangxi,18-02-2020,242,4,2,69,0.01652892561983471,0,16
Guangxi,19-02-2020,244,2,2,86,0.00819672131147541,0,17
Guangxi,20-02-2020,245,1,2,90,0.004081632653061225,0,4
Guangxi,21-02-2020,246,1,2,97,0.0040650406504065045,0,7
Guangxi,22-02-2020,249,3,2,104,0.012048192771084338,0,7
Guangxi,23-02-2020,249,0,2,106,0.0,0,2
Guangxi,24-02-2020,251,2,2,112,0.00796812749003984,0,6
Guangxi,25-02-2020,252,1,2,134,0.003968253968253968,0,22
Guangxi,26-02-2020,252,0,2,147,0.0,0,13
Guangxi,27-02-2020,252,0,2,161,0.0,0,14
Guangxi,28-02-2020,252,0,2,168,0.0,0,7
Guangxi,29-02-2020,252,0,2,176,0.0,0,8
Guangxi,01-03-2020,252,0,2,181,0.0,0,5
Guangxi,02-03-2020,252,0,2,192,0.0,0,11
Guangxi,03-03-2020,252,0,2,202,0.0,0,10
Guangxi,04-03-2020,252,0,2,210,0.0,0,8
Guangxi,05-03-2020,252,0,2,214,0.0,0,4
Guangxi,06-03-2020,252,0,2,217,0.0,0,3
Guangxi,07-03-2020,252,0,2,218,0.0,0,1
Guangxi,08-03-2020,252,0,2,223,0.0,0,5
Guangxi,09-03-2020,252,0,2,230,0.0,0,7
Guangxi,10-03-2020,252,0,2,234,0.0,0,4
Guangxi,11-03-2020,252,0,2,238,0.0,0,4
Guangxi,12-03-2020,252,0,2,241,0.0,0,3
Guangxi,13-03-2020,252,0,2,243,0.0,0,2
Guangxi,14-03-2020,252,0,2,243,0.0,0,0
Guangxi,15-03-2020,252,0,2,243,0.0,0,0
Guizhou,22-01-2020,1,1,0,0,1.0,0,0
Guizhou,23-01-2020,3,2,0,0,0.6666666666666666,0,0
Guizhou,24-01-2020,3,0,0,0,0.0,0,0
Guizhou,25-01-2020,4,1,0,0,0.25,0,0
Guizhou,26-01-2020,5,1,0,0,0.2,0,0
Guizhou,27-01-2020,7,2,0,0,0.2857142857142857,0,0
Guizhou,28-01-2020,9,2,0,0,0.2222222222222222,0,0
Guizhou,29-01-2020,9,0,0,1,0.0,0,1
Guizhou,30-01-2020,12,3,0,1,0.25,0,0
Guizhou,31-01-2020,29,17,0,2,0.5862068965517241,0,1
Guizhou,01-02-2020,29,0,0,2,0.0,0,0
Guizhou,02-02-2020,38,9,0,2,0.23684210526315788,0,0
Guizhou,03-02-2020,46,8,0,2,0.17391304347826086,0,0
Guizhou,04-02-2020,58,12,0,2,0.20689655172413793,0,0
Guizhou,05-02-2020,64,6,1,9,0.09375,1,7
Guizhou,06-02-2020,71,7,1,6,0.09859154929577464,0,0
Guizhou,07-02-2020,81,10,1,6,0.12345679012345678,0,0
Guizhou,08-02-2020,89,8,1,7,0.0898876404494382,0,1
Guizhou,09-02-2020,99,10,1,7,0.10101010101010101,0,0
Guizhou,10-02-2020,109,10,1,10,0.09174311926605505,0,3
Guizhou,11-02-2020,127,18,1,17,0.14173228346456693,0,7
Guizhou,12-02-2020,133,6,1,18,0.045112781954887216,0,1
Guizhou,13-02-2020,135,2,1,27,0.014814814814814815,0,9
Guizhou,14-02-2020,140,5,1,28,0.03571428571428571,0,1
Guizhou,15-02-2020,143,3,1,41,0.02097902097902098,0,13
Guizhou,16-02-2020,144,1,1,46,0.006944444444444444,0,5
Guizhou,17-02-2020,146,2,1,57,0.0136986301369863,0,11
Guizhou,18-02-2020,146,0,2,66,0.0,1,9
Guizhou,19-02-2020,146,0,2,70,0.0,0,4
Guizhou,20-02-2020,146,0,2,72,0.0,0,2
Guizhou,21-02-2020,146,0,2,77,0.0,0,5
Guizhou,22-02-2020,146,0,2,90,0.0,0,13
Guizhou,23-02-2020,146,0,2,102,0.0,0,12
Guizhou,24-02-2020,146,0,2,102,0.0,0,0
Guizhou,25-02-2020,146,0,2,104,0.0,0,2
Guizhou,26-02-2020,146,0,2,104,0.0,0,0
Guizhou,27-02-2020,146,0,2,112,0.0,0,8
Guizhou,28-02-2020,146,0,2,112,0.0,0,0
Guizhou,29-02-2020,146,0,2,112,0.0,0,0
Guizhou,01-03-2020,146,0,2,112,0.0,0,0
Guizhou,02-03-2020,146,0,2,114,0.0,0,2
Guizhou,03-03-2020,146,0,2,114,0.0,0,0
Guizhou,04-03-2020,146,0,2,114,0.0,0,0
Guizhou,05-03-2020,146,0,2,114,0.0,0,0
Guizhou,06-03-2020,146,0,2,114,0.0,0,0
Guizhou,07-03-2020,146,0,2,115,0.0,0,1
Guizhou,08-03-2020,146,0,2,117,0.0,0,2
Guizhou,09-03-2020,146,0,2,123,0.0,0,6
Guizhou,10-03-2020,146,0,2,129,0.0,0,6
Guizhou,11-03-2020,146,0,2,133,0.0,0,4
Guizhou,12-03-2020,146,0,2,137,0.0,0,4
Guizhou,13-03-2020,146,0,2,140,0.0,0,3
Guizhou,14-03-2020,146,0,2,143,0.0,0,3
Guizhou,15-03-2020,146,0,2,143,0.0,0,0
Hainan,22-01-2020,4,4,0,0,1.0,0,0
Hainan,23-01-2020,5,1,0,0,0.2,0,0
Hainan,24-01-2020,8,3,0,0,0.375,0,0
Hainan,25-01-2020,19,11,0,0,0.5789473684210527,0,0
Hainan,26-01-2020,22,3,0,0,0.13636363636363635,0,0
Hainan,27-01-2020,33,11,1,0,0.3333333333333333,1,0
Hainan,28-01-2020,40,7,1,0,0.175,0,0
Hainan,29-01-2020,43,3,1,0,0.06976744186046512,0,0
Hainan,30-01-2020,46,3,1,1,0.06521739130434782,0,1
Hainan,31-01-2020,52,6,1,1,0.11538461538461539,0,0
Hainan,01-02-2020,62,10,1,1,0.16129032258064516,0,0
Hainan,02-02-2020,64,2,1,4,0.03125,0,3
Hainan,03-02-2020,72,8,1,4,0.1111111111111111,0,0
Hainan,04-02-2020,80,8,1,5,0.1,0,1
Hainan,05-02-2020,99,19,1,5,0.1919191919191919,0,0
Hainan,06-02-2020,106,7,1,8,0.0660377358490566,0,3
Hainan,07-02-2020,117,11,2,10,0.09401709401709402,1,2
Hainan,08-02-2020,124,7,2,14,0.056451612903225805,0,4
Hainan,09-02-2020,131,7,3,19,0.05343511450381679,1,5
Hainan,10-02-2020,138,7,3,19,0.050724637681159424,0,0
Hainan,11-02-2020,144,6,3,20,0.041666666666666664,0,1
Hainan,12-02-2020,157,13,4,27,0.08280254777070063,1,7
Hainan,13-02-2020,157,0,4,30,0.0,0,3
Hainan,14-02-2020,159,2,4,43,0.012578616352201259,0,13
Hainan,15-02-2020,162,3,4,39,0.018518518518518517,0,0
Hainan,16-02-2020,162,0,4,52,0.0,0,13
Hainan,17-02-2020,163,1,4,59,0.006134969325153374,0,7
Hainan,18-02-2020,163,0,4,79,0.0,0,20
Hainan,19-02-2020,168,5,4,84,0.02976190476190476,0,5
Hainan,20-02-2020,168,0,4,86,0.0,0,2
Hainan,21-02-2020,168,0,4,95,0.0,0,9
Hainan,22-02-2020,168,0,4,104,0.0,0,9
Hainan,23-02-2020,168,0,5,106,0.0,1,2
Hainan,24-02-2020,168,0,5,116,0.0,0,10
Hainan,25-02-2020,168,0,5,124,0.0,0,8
Hainan,26-02-2020,168,0,5,129,0.0,0,5
Hainan,27-02-2020,168,0,5,131,0.0,0,2
Hainan,28-02-2020,168,0,5,133,0.0,0,2
Hainan,29-02-2020,168,0,5,148,0.0,0,15
Hainan,01-03-2020,168,0,5,149,0.0,0,1
Hainan,02-03-2020,168,0,5,151,0.0,0,2
Hainan,03-03-2020,168,0,5,155,0.0,0,4
Hainan,04-03-2020,168,0,5,158,0.0,0,3
Hainan,05-03-2020,168,0,6,158,0.0,1,0
Hainan,06-03-2020,168,0,6,158,0.0,0,0
Hainan,07-03-2020,168,0,6,158,0.0,0,0
Hainan,08-03-2020,168,0,6,159,0.0,0,1
Hainan,09-03-2020,168,0,6,159,0.0,0,0
Hainan,10-03-2020,168,0,6,159,0.0,0,0
Hainan,11-03-2020,168,0,6,159,0.0,0,0
Hainan,12-03-2020,168,0,6,160,0.0,0,1
Hainan,13-03-2020,168,0,6,160,0.0,0,0
Hainan,14-03-2020,168,0,6,160,0.0,0,0
Hainan,15-03-2020,168,0,6,160,0.0,0,0
Hebei,22-01-2020,1,1,0,0,1.0,0,0
Hebei,23-01-2020,1,0,1,0,0.0,1,0
Hebei,24-01-2020,2,1,1,0,0.5,0,0
Hebei,25-01-2020,8,6,1,0,0.75,0,0
Hebei,26-01-2020,13,5,1,0,0.38461538461538464,0,0
Hebei,27-01-2020,18,5,1,0,0.2777777777777778,0,0
Hebei,28-01-2020,33,15,1,0,0.45454545454545453,0,0
Hebei,29-01-2020,48,15,1,0,0.3125,0,0
Hebei,30-01-2020,65,17,1,0,0.26153846153846155,0,0
Hebei,31-01-2020,82,17,1,0,0.2073170731707317,0,0
Hebei,01-02-2020,96,14,1,0,0.14583333333333334,0,0
Hebei,02-02-2020,104,8,1,3,0.07692307692307693,0,3
Hebei,03-02-2020,113,9,1,3,0.07964601769911504,0,0
Hebei,04-02-2020,126,13,1,4,0.10317460317460317,0,1
Hebei,05-02-2020,135,9,1,6,0.06666666666666667,0,2
Hebei,06-02-2020,157,22,1,13,0.14012738853503184,0,7
Hebei,07-02-2020,172,15,1,22,0.0872093023255814,0,9
Hebei,08-02-2020,195,23,1,30,0.11794871794871795,0,8
Hebei,09-02-2020,206,11,2,34,0.05339805825242718,1,4
Hebei,10-02-2020,218,12,2,41,0.05504587155963303,0,7
Hebei,11-02-2020,239,21,2,48,0.08786610878661087,0,7
Hebei,12-02-2020,251,12,2,54,0.04780876494023904,0,6
Hebei,13-02-2020,265,14,3,68,0.052830188679245285,1,14
Hebei,14-02-2020,283,18,3,87,0.0636042402826855,0,19
Hebei,15-02-2020,291,8,3,101,0.027491408934707903,0,14
Hebei,16-02-2020,300,9,3,105,0.03,0,4
Hebei,17-02-2020,301,1,3,122,0.0033222591362126247,0,17
Hebei,18-02-2020,306,5,4,136,0.016339869281045753,1,14
Hebei,19-02-2020,306,0,4,152,0.0,0,16
Hebei,20-02-2020,307,1,5,169,0.003257328990228013,1,17
Hebei,21-02-2020,308,1,5,184,0.003246753246753247,0,15
Hebei,22-02-2020,309,1,6,203,0.003236245954692557,1,19
Hebei,23-02-2020,311,2,6,219,0.006430868167202572,0,16
Hebei,24-02-2020,311,0,6,234,0.0,0,15
Hebei,25-02-2020,311,0,6,248,0.0,0,14
Hebei,26-02-2020,312,1,6,261,0.003205128205128205,0,13
Hebei,27-02-2020,317,5,6,274,0.015772870662460567,0,13
Hebei,28-02-2020,318,1,6,277,0.0031446540880503146,0,3
Hebei,29-02-2020,318,0,6,282,0.0,0,5
Hebei,01-03-2020,318,0,6,294,0.0,0,12
Hebei,02-03-2020,318,0,6,296,0.0,0,2
Hebei,03-03-2020,318,0,6,300,0.0,0,4
Hebei,04-03-2020,318,0,6,301,0.0,0,1
Hebei,05-03-2020,318,0,6,304,0.0,0,3
Hebei,06-03-2020,318,0,6,305,0.0,0,1
Hebei,07-03-2020,318,0,6,307,0.0,0,2
Hebei,08-03-2020,318,0,6,307,0.0,0,0
Hebei,09-03-2020,318,0,6,307,0.0,0,0
Hebei,10-03-2020,318,0,6,307,0.0,0,0
Hebei,11-03-2020,318,0,6,307,0.0,0,0
Hebei,12-03-2020,318,0,6,308,0.0,0,1
Hebei,13-03-2020,318,0,6,310,0.0,0,2
Hebei,14-03-2020,318,0,6,310,0.0,0,0
Hebei,15-03-2020,318,0,6,310,0.0,0,0
Heilongjiang,22-01-2020,0,0,0,0,,0,0
Heilongjiang,23-01-2020,2,2,0,0,1.0,0,0
Heilongjiang,24-01-2020,4,2,1,0,0.5,1,0
Heilongjiang,25-01-2020,9,5,1,0,0.5555555555555556,0,0
Heilongjiang,26-01-2020,15,6,1,0,0.4,0,0
Heilongjiang,27-01-2020,21,6,1,0,0.2857142857142857,0,0
Heilongjiang,28-01-2020,33,12,1,0,0.36363636363636365,0,0
Heilongjiang,29-01-2020,38,5,1,0,0.13157894736842105,0,0
Heilongjiang,30-01-2020,44,6,2,0,0.13636363636363635,1,0
Heilongjiang,31-01-2020,59,15,2,0,0.2542372881355932,0,0
Heilongjiang,01-02-2020,80,21,2,2,0.2625,0,2
Heilongjiang,02-02-2020,95,15,2,2,0.15789473684210525,0,0
Heilongjiang,03-02-2020,121,26,2,2,0.21487603305785125,0,0
Heilongjiang,04-02-2020,155,34,2,4,0.21935483870967742,0,2
Heilongjiang,05-02-2020,190,35,2,7,0.18421052631578946,0,3
Heilongjiang,06-02-2020,227,37,3,8,0.16299559471365638,1,1
Heilongjiang,07-02-2020,277,50,3,12,0.18050541516245489,0,4
Heilongjiang,08-02-2020,295,18,5,13,0.061016949152542375,2,1
Heilongjiang,09-02-2020,307,12,6,14,0.03908794788273615,1,1
Heilongjiang,10-02-2020,331,24,7,30,0.07250755287009064,1,16
Heilongjiang,11-02-2020,360,29,8,28,0.08055555555555556,1,0
Heilongjiang,12-02-2020,378,18,8,31,0.047619047619047616,0,3
Heilongjiang,13-02-2020,395,17,9,33,0.043037974683544304,1,2
Heilongjiang,14-02-2020,419,24,11,47,0.057279236276849645,2,14
Heilongjiang,15-02-2020,425,6,11,68,0.01411764705882353,0,21
Heilongjiang,16-02-2020,445,20,11,79,0.0449438202247191,0,11
Heilongjiang,17-02-2020,457,12,11,85,0.0262582056892779,0,6
Heilongjiang,18-02-2020,464,7,11,111,0.015086206896551725,0,26
Heilongjiang,19-02-2020,470,6,12,120,0.01276595744680851,1,9
Heilongjiang,20-02-2020,476,6,12,136,0.012605042016806723,0,16
Heilongjiang,21-02-2020,479,3,12,175,0.006263048016701462,0,39
Heilongjiang,22-02-2020,479,0,12,204,0.0,0,29
Heilongjiang,23-02-2020,480,1,12,222,0.0020833333333333333,0,18
Heilongjiang,24-02-2020,480,0,12,227,0.0,0,5
Heilongjiang,25-02-2020,480,0,12,243,0.0,0,16
Heilongjiang,26-02-2020,480,0,12,249,0.0,0,6
Heilongjiang,27-02-2020,480,0,13,270,0.0,1,21
Heilongjiang,28-02-2020,480,0,13,283,0.0,0,13
Heilongjiang,29-02-2020,480,0,13,301,0.0,0,18
Heilongjiang,01-03-2020,480,0,13,342,0.0,0,41
Heilongjiang,02-03-2020,480,0,13,356,0.0,0,14
Heilongjiang,03-03-2020,480,0,13,366,0.0,0,10
Heilongjiang,04-03-2020,480,0,13,373,0.0,0,7
Heilongjiang,05-03-2020,481,1,13,379,0.002079002079002079,0,6
Heilongjiang,06-03-2020,481,0,13,396,0.0,0,17
Heilongjiang,07-03-2020,481,0,13,403,0.0,0,7
Heilongjiang,08-03-2020,481,0,13,412,0.0,0,9
Heilongjiang,09-03-2020,481,0,13,430,0.0,0,18
Heilongjiang,10-03-2020,481,0,13,434,0.0,0,4
Heilongjiang,11-03-2020,482,1,13,436,0.002074688796680498,0,2
Heilongjiang,12-03-2020,482,0,13,441,0.0,0,5
Heilongjiang,13-03-2020,482,0,13,446,0.0,0,5
Heilongjiang,14-03-2020,482,0,13,447,0.0,0,1
Heilongjiang,15-03-2020,482,0,13,453,0.0,0,6
Henan,22-01-2020,5,5,0,0,1.0,0,-453
Henan,23-01-2020,5,0,0,0,0.0,0,0
Henan,24-01-2020,9,4,0,0,0.4444444444444444,0,0
Henan,25-01-2020,32,23,0,0,0.71875,0,0
Henan,26-01-2020,83,51,1,0,0.6144578313253012,1,0
Henan,27-01-2020,128,45,1,0,0.3515625,0,0
Henan,28-01-2020,168,40,1,0,0.23809523809523808,0,0
Henan,29-01-2020,206,38,2,1,0.18446601941747573,1,1
Henan,30-01-2020,278,72,2,2,0.2589928057553957,0,1
Henan,31-01-2020,352,74,2,3,0.21022727272727273,0,1
Henan,01-02-2020,422,70,2,3,0.16587677725118483,0,0
Henan,02-02-2020,493,71,2,10,0.1440162271805274,0,7
Henan,03-02-2020,566,73,2,16,0.12897526501766785,0,6
Henan,04-02-2020,675,109,2,27,0.16148148148148148,0,11
Henan,05-02-2020,764,89,2,47,0.11649214659685864,0,20
Henan,06-02-2020,851,87,2,56,0.10223266745005875,0,9
Henan,07-02-2020,914,63,3,86,0.06892778993435449,1,30
Henan,08-02-2020,981,67,4,116,0.06829765545361875,1,30
Henan,09-02-2020,1033,52,6,153,0.05033881897386254,2,37
Henan,10-02-2020,1073,40,6,191,0.03727865796831314,0,38
Henan,11-02-2020,1105,32,7,218,0.02895927601809955,1,27
Henan,12-02-2020,1135,30,8,246,0.02643171806167401,1,28
Henan,13-02-2020,1169,34,10,296,0.0290846877673225,2,50
Henan,14-02-2020,1184,15,11,357,0.01266891891891892,1,61
Henan,15-02-2020,1212,28,13,391,0.0231023102310231,2,34
Henan,16-02-2020,1231,19,13,440,0.015434606011372868,0,49
Henan,17-02-2020,1246,15,16,509,0.012038523274478331,3,69
Henan,18-02-2020,1257,11,19,522,0.008750994431185362,3,13
Henan,19-02-2020,1262,5,19,573,0.003961965134706815,0,51
Henan,20-02-2020,1265,3,19,637,0.0023715415019762848,0,64
Henan,21-02-2020,1267,2,19,736,0.0015785319652722968,0,99
Henan,22-02-2020,1270,3,19,830,0.002362204724409449,0,94
Henan,23-02-2020,1271,1,19,868,0.0007867820613690008,0,38
Henan,24-02-2020,1271,0,19,943,0.0,0,75
Henan,25-02-2020,1271,0,19,1002,0.0,0,59
Henan,26-02-2020,1271,0,19,1033,0.0,0,31
Henan,27-02-2020,1272,1,20,1068,0.0007861635220125787,1,35
Henan,28-02-2020,1272,0,20,1112,0.0,0,44
Henan,29-02-2020,1272,0,21,1170,0.0,1,58
Henan,01-03-2020,1272,0,22,1198,0.0,1,28
Henan,02-03-2020,1272,0,22,1205,0.0,0,7
Henan,03-03-2020,1272,0,22,1231,0.0,0,26
Henan,04-03-2020,1272,0,22,1234,0.0,0,3
Henan,05-03-2020,1272,0,22,1239,0.0,0,5
Henan,06-03-2020,1272,0,22,1244,0.0,0,5
Henan,07-03-2020,1272,0,22,1244,0.0,0,0
Henan,08-03-2020,1272,0,22,1247,0.0,0,3
Henan,09-03-2020,1272,0,22,1247,0.0,0,0
Henan,10-03-2020,1272,0,22,1247,0.0,0,0
Henan,11-03-2020,1273,1,22,1249,0.0007855459544383347,0,2
Henan,12-03-2020,1273,0,22,1249,0.0,0,0
Henan,13-03-2020,1273,0,22,1249,0.0,0,0
Henan,14-03-2020,1273,0,22,1250,0.0,0,1
Henan,15-03-2020,1273,0,22,1250,0.0,0,0
Hubei,22-01-2020,444,444,17,28,1.0,17,28
Hubei,23-01-2020,444,0,17,28,0.0,0,0
Hubei,24-01-2020,549,105,24,31,0.1912568306010929,7,3
Hubei,25-01-2020,761,212,40,32,0.278580814717477,16,1
Hubei,26-01-2020,1058,297,52,42,0.28071833648393196,12,10
Hubei,27-01-2020,1423,365,76,45,0.2565003513703443,24,3
Hubei,28-01-2020,3554,2131,125,80,0.5996060776589758,49,35
Hubei,29-01-2020,3554,0,125,88,0.0,0,8
Hubei,30-01-2020,4903,1349,162,90,0.2751376708137875,37,2
Hubei,31-01-2020,5806,903,204,141,0.1555287633482604,42,51
Hubei,01-02-2020,7153,1347,249,168,0.1883125961135188,45,27
Hubei,02-02-2020,11177,4024,350,295,0.3600250514449316,101,127
Hubei,03-02-2020,13522,2345,414,386,0.17342109155450378,64,91
Hubei,04-02-2020,16678,3156,479,522,0.18923132270056361,65,136
Hubei,05-02-2020,19665,2987,549,633,0.15189422832443428,70,111
Hubei,06-02-2020,22112,2447,618,817,0.11066389290882779,69,184
Hubei,07-02-2020,24953,2841,699,1115,0.1138540456057388,81,298
Hubei,08-02-2020,27100,2147,780,1439,0.07922509225092252,81,324
Hubei,09-02-2020,29631,2531,871,1795,0.08541729944990044,91,356
Hubei,10-02-2020,31728,2097,974,2222,0.0660930408472012,103,427
Hubei,11-02-2020,33366,1638,1068,2639,0.0490918899478511,94,417
Hubei,12-02-2020,33366,0,1068,2686,0.0,0,47
Hubei,13-02-2020,48206,14840,1310,3459,0.3078454964112351,242,773
Hubei,14-02-2020,54406,6200,1457,4774,0.11395801933610264,147,1315
Hubei,15-02-2020,56249,1843,1596,5623,0.032765026933812155,139,849
Hubei,16-02-2020,58182,1933,1696,6639,0.03322333367708226,100,1016
Hubei,17-02-2020,59989,1807,1789,7862,0.0301221890679958,93,1223
Hubei,18-02-2020,61682,1693,1921,9128,0.027447229337570118,132,1266
Hubei,19-02-2020,62031,349,2029,10337,0.005626219148490271,108,1209
Hubei,20-02-2020,62442,411,2144,11788,0.006582108196406265,115,1451
Hubei,21-02-2020,62662,220,2144,11881,0.0035108997478535634,0,93
Hubei,22-02-2020,64084,1422,2346,15299,0.022189626115723112,202,3418
Hubei,23-02-2020,64084,0,2346,15343,0.0,0,44
Hubei,24-02-2020,64287,203,2495,16748,0.003157714623485308,149,1405
Hubei,25-02-2020,64786,499,2563,18971,0.0077022813570833204,68,2223
Hubei,26-02-2020,65187,401,2615,20969,0.0061515332811756945,52,1998
Hubei,27-02-2020,65596,409,2641,23383,0.006235136288798097,26,2414
Hubei,28-02-2020,65914,318,2682,26403,0.004824468246503019,41,3020
Hubei,29-02-2020,66337,423,2727,28993,0.0063765319504951986,45,2590
Hubei,01-03-2020,66907,570,2761,31536,0.0085192879668794,34,2543
Hubei,02-03-2020,67103,196,2803,33934,0.002920882821930465,42,2398
Hubei,03-03-2020,67217,114,2835,36208,0.0016959995239299581,32,2274
Hubei,04-03-2020,67332,115,2871,38557,0.001707954612962633,36,2349
Hubei,05-03-2020,67466,134,2902,40592,0.0019861856342453976,31,2035
Hubei,06-03-2020,67592,126,2931,42033,0.001864125932062966,29,1441
Hubei,07-03-2020,67666,74,2959,43500,0.0010936068335648628,28,1467
Hubei,08-03-2020,67707,41,2986,45235,0.0006055503862229903,27,1735
Hubei,09-03-2020,67743,36,3008,46488,0.0005314202205393915,22,1253
Hubei,10-03-2020,67760,17,3024,47743,0.0002508854781582054,16,1255
Hubei,11-03-2020,67773,13,3046,49134,0.0001918168002006699,22,1391
Hubei,12-03-2020,67781,8,3056,50318,0.0001180271757572181,10,1184
Hubei,13-03-2020,67786,5,3062,51553,7.376154368158616e-05,6,1235
Hubei,14-03-2020,67790,4,3075,52960,5.900575306092344e-05,13,1407
Hubei,15-03-2020,67794,4,3085,54288,5.900227158745612e-05,10,1328
Hunan,22-01-2020,4,4,0,0,1.0,0,0
Hunan,23-01-2020,9,5,0,0,0.5555555555555556,0,0
Hunan,24-01-2020,24,15,0,0,0.625,0,0
Hunan,25-01-2020,43,19,0,0,0.4418604651162791,0,0
Hunan,26-01-2020,69,26,0,0,0.37681159420289856,0,0
Hunan,27-01-2020,100,31,0,0,0.31,0,0
Hunan,28-01-2020,143,43,0,0,0.3006993006993007,0,0
Hunan,29-01-2020,221,78,0,0,0.35294117647058826,0,0
Hunan,30-01-2020,277,56,0,2,0.20216606498194944,0,2
Hunan,31-01-2020,332,55,0,2,0.16566265060240964,0,0
Hunan,01-02-2020,389,57,0,8,0.14652956298200515,0,6
Hunan,02-02-2020,463,74,0,16,0.15982721382289417,0,8
Hunan,03-02-2020,521,58,0,22,0.11132437619961612,0,6
Hunan,04-02-2020,593,72,0,31,0.12141652613827993,0,9
Hunan,05-02-2020,661,68,0,54,0.10287443267776097,0,23
Hunan,06-02-2020,711,50,0,81,0.07032348804500703,0,27
Hunan,07-02-2020,772,61,0,112,0.07901554404145078,0,31
Hunan,08-02-2020,803,31,1,156,0.038605230386052306,1,44
Hunan,09-02-2020,838,35,1,186,0.041766109785202864,0,30
Hunan,10-02-2020,879,41,1,208,0.04664391353811149,0,22
Hunan,11-02-2020,912,33,1,247,0.03618421052631579,0,39
Hunan,12-02-2020,946,34,2,304,0.035940803382663845,1,57
Hunan,13-02-2020,968,22,2,339,0.022727272727272728,0,35
Hunan,14-02-2020,988,20,2,364,0.020242914979757085,0,25
Hunan,15-02-2020,1001,13,2,425,0.012987012987012988,0,61
Hunan,16-02-2020,1004,3,3,464,0.00298804780876494,1,39
Hunan,17-02-2020,1006,2,3,498,0.0019880715705765406,0,34
Hunan,18-02-2020,1007,1,4,527,0.0009930486593843098,1,29
Hunan,19-02-2020,1008,1,4,561,0.000992063492063492,0,34
Hunan,20-02-2020,1010,2,4,634,0.0019801980198019802,0,73
Hunan,21-02-2020,1011,1,4,661,0.0009891196834817012,0,27
Hunan,22-02-2020,1013,2,4,692,0.0019743336623889436,0,31
Hunan,23-02-2020,1016,3,4,714,0.002952755905511811,0,22
Hunan,24-02-2020,1016,0,4,731,0.0,0,17
Hunan,25-02-2020,1016,0,4,768,0.0,0,37
Hunan,26-02-2020,1016,0,4,783,0.0,0,15
Hunan,27-02-2020,1017,1,4,804,0.0009832841691248771,0,21
Hunan,28-02-2020,1017,0,4,830,0.0,0,26
Hunan,29-02-2020,1018,1,4,846,0.0009823182711198428,0,16
Hunan,01-03-2020,1018,0,4,866,0.0,0,20
Hunan,02-03-2020,1018,0,4,887,0.0,0,21
Hunan,03-03-2020,1018,0,4,906,0.0,0,19
Hunan,04-03-2020,1018,0,4,916,0.0,0,10
Hunan,05-03-2020,1018,0,4,938,0.0,0,22
Hunan,06-03-2020,1018,0,4,955,0.0,0,17
Hunan,07-03-2020,1018,0,4,960,0.0,0,5
Hunan,08-03-2020,1018,0,4,968,0.0,0,8
Hunan,09-03-2020,1018,0,4,979,0.0,0,11
Hunan,10-03-2020,1018,0,4,990,0.0,0,11
Hunan,11-03-2020,1018,0,4,995,0.0,0,5
Hunan,12-03-2020,1018,0,4,999,0.0,0,4
Hunan,13-03-2020,1018,0,4,1005,0.0,0,6
Hunan,14-03-2020,1018,0,4,1014,0.0,0,9
Hunan,15-03-2020,1018,0,4,1014,0.0,0,0
Inner Mongolia,22-01-2020,0,0,0,0,,0,0
Inner Mongolia,23-01-2020,0,0,0,0,,0,0
Inner Mongolia,24-01-2020,1,1,0,0,1.0,0,0
Inner Mongolia,25-01-2020,7,6,0,0,0.8571428571428571,0,0
Inner Mongolia,26-01-2020,7,0,0,0,0.0,0,0
Inner Mongolia,27-01-2020,11,4,0,0,0.36363636363636365,0,0
Inner Mongolia,28-01-2020,15,4,0,0,0.26666666666666666,0,0
Inner Mongolia,29-01-2020,16,1,0,0,0.0625,0,0
Inner Mongolia,30-01-2020,19,3,0,0,0.15789473684210525,0,0
Inner Mongolia,31-01-2020,20,1,0,1,0.05,0,1
Inner Mongolia,01-02-2020,23,3,0,1,0.13043478260869565,0,0
Inner Mongolia,02-02-2020,27,4,0,1,0.14814814814814814,0,0
Inner Mongolia,03-02-2020,34,7,0,1,0.20588235294117646,0,0
Inner Mongolia,04-02-2020,35,1,0,1,0.02857142857142857,0,0
Inner Mongolia,05-02-2020,42,7,0,3,0.16666666666666666,0,2
Inner Mongolia,06-02-2020,46,4,0,4,0.08695652173913043,0,1
Inner Mongolia,07-02-2020,50,4,0,5,0.08,0,1
Inner Mongolia,08-02-2020,52,2,0,5,0.038461538461538464,0,0
Inner Mongolia,09-02-2020,54,2,0,5,0.037037037037037035,0,0
Inner Mongolia,10-02-2020,58,4,0,5,0.06896551724137931,0,0
Inner Mongolia,11-02-2020,58,0,0,5,0.0,0,0
Inner Mongolia,12-02-2020,60,2,0,6,0.03333333333333333,0,1
Inner Mongolia,13-02-2020,61,1,0,6,0.01639344262295082,0,0
Inner Mongolia,14-02-2020,65,4,0,6,0.06153846153846154,0,0
Inner Mongolia,15-02-2020,68,3,0,7,0.04411764705882353,0,1
Inner Mongolia,16-02-2020,70,2,0,8,0.02857142857142857,0,1
Inner Mongolia,17-02-2020,72,2,0,8,0.027777777777777776,0,0
Inner Mongolia,18-02-2020,73,1,0,8,0.0136986301369863,0,0
Inner Mongolia,19-02-2020,75,2,0,10,0.02666666666666667,0,2
Inner Mongolia,20-02-2020,75,0,0,16,0.0,0,6
Inner Mongolia,21-02-2020,75,0,0,17,0.0,0,1
Inner Mongolia,22-02-2020,75,0,0,26,0.0,0,9
Inner Mongolia,23-02-2020,75,0,0,27,0.0,0,1
Inner Mongolia,24-02-2020,75,0,0,34,0.0,0,7
Inner Mongolia,25-02-2020,75,0,0,35,0.0,0,1
Inner Mongolia,26-02-2020,75,0,0,38,0.0,0,3
Inner Mongolia,27-02-2020,75,0,0,43,0.0,0,5
Inner Mongolia,28-02-2020,75,0,0,45,0.0,0,2
Inner Mongolia,29-02-2020,75,0,0,49,0.0,0,4
Inner Mongolia,01-03-2020,75,0,0,52,0.0,0,3
Inner Mongolia,02-03-2020,75,0,0,54,0.0,0,2
Inner Mongolia,03-03-2020,75,0,1,59,0.0,1,5
Inner Mongolia,04-03-2020,75,0,1,63,0.0,0,4
Inner Mongolia,05-03-2020,75,0,1,65,0.0,0,2
Inner Mongolia,06-03-2020,75,0,1,65,0.0,0,0
Inner Mongolia,07-03-2020,75,0,1,67,0.0,0,2
Inner Mongolia,08-03-2020,75,0,1,70,0.0,0,3
Inner Mongolia,09-03-2020,75,0,1,70,0.0,0,0
Inner Mongolia,10-03-2020,75,0,1,70,0.0,0,0
Inner Mongolia,11-03-2020,75,0,1,71,0.0,0,1
Inner Mongolia,12-03-2020,75,0,1,71,0.0,0,0
Inner Mongolia,13-03-2020,75,0,1,71,0.0,0,0
Inner Mongolia,14-03-2020,75,0,1,71,0.0,0,0
Inner Mongolia,15-03-2020,75,0,1,71,0.0,0,0
Jiangsu,22-01-2020,1,1,0,0,1.0,0,0
Jiangsu,23-01-2020,5,4,0,0,0.8,0,0
Jiangsu,24-01-2020,9,4,0,0,0.4444444444444444,0,0
Jiangsu,25-01-2020,18,9,0,1,0.5,0,1
Jiangsu,26-01-2020,33,15,0,1,0.45454545454545453,0,0
Jiangsu,27-01-2020,47,14,0,1,0.2978723404255319,0,0
Jiangsu,28-01-2020,70,23,0,1,0.32857142857142857,0,0
Jiangsu,29-01-2020,99,29,0,1,0.29292929292929293,0,0
Jiangsu,30-01-2020,129,30,0,1,0.23255813953488372,0,0
Jiangsu,31-01-2020,168,39,0,5,0.23214285714285715,0,4
Jiangsu,01-02-2020,202,34,0,6,0.16831683168316833,0,1
Jiangsu,02-02-2020,236,34,0,7,0.1440677966101695,0,1
Jiangsu,03-02-2020,271,35,0,8,0.12915129151291513,0,1
Jiangsu,04-02-2020,308,37,0,12,0.12012987012987013,0,4
Jiangsu,05-02-2020,341,33,0,23,0.0967741935483871,0,11
Jiangsu,06-02-2020,373,32,0,34,0.08579088471849866,0,11
Jiangsu,07-02-2020,408,35,0,43,0.0857843137254902,0,9
Jiangsu,08-02-2020,439,31,0,51,0.07061503416856492,0,8
Jiangsu,09-02-2020,468,29,0,71,0.06196581196581197,0,20
Jiangsu,10-02-2020,492,24,0,81,0.04878048780487805,0,10
Jiangsu,11-02-2020,515,23,0,93,0.04466019417475728,0,12
Jiangsu,12-02-2020,543,28,0,125,0.05156537753222836,0,32
Jiangsu,13-02-2020,570,27,0,139,0.04736842105263158,0,14
Jiangsu,14-02-2020,593,23,0,157,0.0387858347386172,0,18
Jiangsu,15-02-2020,604,11,0,186,0.018211920529801324,0,29
Jiangsu,16-02-2020,617,13,0,218,0.02106969205834684,0,32
Jiangsu,17-02-2020,626,9,0,258,0.01437699680511182,0,40
Jiangsu,18-02-2020,629,3,0,280,0.0047694753577106515,0,22
Jiangsu,19-02-2020,631,2,0,318,0.003169572107765452,0,38
Jiangsu,20-02-2020,631,0,0,356,0.0,0,38
Jiangsu,21-02-2020,631,0,0,373,0.0,0,17
Jiangsu,22-02-2020,631,0,0,401,0.0,0,28
Jiangsu,23-02-2020,631,0,0,418,0.0,0,17
Jiangsu,24-02-2020,631,0,0,452,0.0,0,34
Jiangsu,25-02-2020,631,0,0,458,0.0,0,6
Jiangsu,26-02-2020,631,0,0,478,0.0,0,20
Jiangsu,27-02-2020,631,0,0,498,0.0,0,20
Jiangsu,28-02-2020,631,0,0,515,0.0,0,17
Jiangsu,29-02-2020,631,0,0,523,0.0,0,8
Jiangsu,01-03-2020,631,0,0,536,0.0,0,13
Jiangsu,02-03-2020,631,0,0,543,0.0,0,7
Jiangsu,03-03-2020,631,0,0,562,0.0,0,19
Jiangsu,04-03-2020,631,0,0,577,0.0,0,15
Jiangsu,05-03-2020,631,0,0,583,0.0,0,6
Jiangsu,06-03-2020,631,0,0,594,0.0,0,11
Jiangsu,07-03-2020,631,0,0,606,0.0,0,12
Jiangsu,08-03-2020,631,0,0,612,0.0,0,6
Jiangsu,09-03-2020,631,0,0,621,0.0,0,9
Jiangsu,10-03-2020,631,0,0,627,0.0,0,6
Jiangsu,11-03-2020,631,0,0,627,0.0,0,0
Jiangsu,12-03-2020,631,0,0,629,0.0,0,2
Jiangsu,13-03-2020,631,0,0,630,0.0,0,1
Jiangsu,14-03-2020,631,0,0,630,0.0,0,0
Jiangsu,15-03-2020,631,0,0,631,0.0,0,1
Jiangxi,22-01-2020,2,2,0,0,1.0,0,0
Jiangxi,23-01-2020,7,5,0,0,0.7142857142857143,0,0
Jiangxi,24-01-2020,18,11,0,0,0.6111111111111112,0,0
Jiangxi,25-01-2020,18,0,0,0,0.0,0,0
Jiangxi,26-01-2020,36,18,0,0,0.5,0,0
Jiangxi,27-01-2020,72,36,0,2,0.5,0,2
Jiangxi,28-01-2020,109,37,0,3,0.3394495412844037,0,1
Jiangxi,29-01-2020,109,0,0,3,0.0,0,0
Jiangxi,30-01-2020,162,53,0,5,0.3271604938271605,0,2
Jiangxi,31-01-2020,240,78,0,7,0.325,0,2
Jiangxi,01-02-2020,286,46,0,9,0.16083916083916083,0,2
Jiangxi,02-02-2020,333,47,0,12,0.14114114114114115,0,3
Jiangxi,03-02-2020,391,58,0,18,0.1483375959079284,0,6
Jiangxi,04-02-2020,476,85,0,20,0.17857142857142858,0,2
Jiangxi,05-02-2020,548,72,0,27,0.13138686131386862,0,7
Jiangxi,06-02-2020,600,52,0,37,0.08666666666666667,0,10
Jiangxi,07-02-2020,661,61,0,45,0.09228441754916793,0,8
Jiangxi,08-02-2020,698,37,0,55,0.05300859598853868,0,10
Jiangxi,09-02-2020,740,42,0,73,0.05675675675675676,0,18
Jiangxi,10-02-2020,771,31,1,105,0.040207522697795074,1,32
Jiangxi,11-02-2020,804,33,1,128,0.041044776119402986,0,23
Jiangxi,12-02-2020,844,40,1,152,0.04739336492890995,0,24
Jiangxi,13-02-2020,872,28,1,170,0.03211009174311927,0,18
Jiangxi,14-02-2020,900,28,1,187,0.03111111111111111,0,17
Jiangxi,15-02-2020,913,13,1,210,0.014238773274917854,0,23
Jiangxi,16-02-2020,925,12,1,240,0.012972972972972972,0,30
Jiangxi,17-02-2020,930,5,1,275,0.005376344086021506,0,35
Jiangxi,18-02-2020,933,3,1,310,0.003215434083601286,0,35
Jiangxi,19-02-2020,934,1,1,362,0.0010706638115631692,0,52
Jiangxi,20-02-2020,934,0,1,433,0.0,0,71
Jiangxi,21-02-2020,934,0,1,489,0.0,0,56
Jiangxi,22-02-2020,934,0,1,555,0.0,0,66
Jiangxi,23-02-2020,934,0,1,613,0.0,0,58
Jiangxi,24-02-2020,934,0,1,645,0.0,0,32
Jiangxi,25-02-2020,934,0,1,683,0.0,0,38
Jiangxi,26-02-2020,934,0,1,719,0.0,0,36
Jiangxi,27-02-2020,934,0,1,754,0.0,0,35
Jiangxi,28-02-2020,935,1,1,790,0.0010695187165775401,0,36
Jiangxi,29-02-2020,935,0,1,811,0.0,0,21
Jiangxi,01-03-2020,935,0,1,831,0.0,0,20
Jiangxi,02-03-2020,935,0,1,850,0.0,0,19
Jiangxi,03-03-2020,935,0,1,870,0.0,0,20
Jiangxi,04-03-2020,935,0,1,884,0.0,0,14
Jiangxi,05-03-2020,935,0,1,901,0.0,0,17
Jiangxi,06-03-2020,935,0,1,909,0.0,0,8
Jiangxi,07-03-2020,935,0,1,916,0.0,0,7
Jiangxi,08-03-2020,935,0,1,919,0.0,0,3
Jiangxi,09-03-2020,935,0,1,923,0.0,0,4
Jiangxi,10-03-2020,935,0,1,927,0.0,0,4
Jiangxi,11-03-2020,935,0,1,932,0.0,0,5
Jiangxi,12-03-2020,935,0,1,934,0.0,0,2
Jiangxi,13-03-2020,935,0,1,934,0.0,0,0
Jiangxi,14-03-2020,935,0,1,934,0.0,0,0
Jiangxi,15-03-2020,935,0,1,934,0.0,0,0
Jilin,22-01-2020,0,0,0,0,,0,0
Jilin,23-01-2020,1,1,0,0,1.0,0,0
Jilin,24-01-2020,3,2,0,0,0.6666666666666666,0,0
Jilin,25-01-2020,4,1,0,0,0.25,0,0
Jilin,26-01-2020,4,0,0,0,0.0,0,0
Jilin,27-01-2020,6,2,0,0,0.3333333333333333,0,0
Jilin,28-01-2020,8,2,0,0,0.25,0,0
Jilin,29-01-2020,9,1,0,0,0.1111111111111111,0,0
Jilin,30-01-2020,14,5,0,1,0.35714285714285715,0,1
Jilin,31-01-2020,14,0,0,1,0.0,0,0
Jilin,01-02-2020,17,3,0,1,0.17647058823529413,0,0
Jilin,02-02-2020,23,6,0,1,0.2608695652173913,0,0
Jilin,03-02-2020,31,8,0,1,0.25806451612903225,0,0
Jilin,04-02-2020,42,11,0,1,0.2619047619047619,0,0
Jilin,05-02-2020,54,12,0,2,0.2222222222222222,0,1
Jilin,06-02-2020,59,5,0,4,0.0847457627118644,0,2
Jilin,07-02-2020,65,6,1,4,0.09230769230769231,1,0
Jilin,08-02-2020,69,4,1,4,0.057971014492753624,0,0
Jilin,09-02-2020,78,9,1,12,0.11538461538461539,0,8
Jilin,10-02-2020,80,2,1,13,0.025,0,1
Jilin,11-02-2020,81,1,1,18,0.012345679012345678,0,5
Jilin,12-02-2020,83,2,1,22,0.024096385542168676,0,4
Jilin,13-02-2020,84,1,1,24,0.011904761904761904,0,2
Jilin,14-02-2020,86,2,1,25,0.023255813953488372,0,1
Jilin,15-02-2020,88,2,1,26,0.022727272727272728,0,1
Jilin,16-02-2020,89,1,1,30,0.011235955056179775,0,4
Jilin,17-02-2020,89,0,1,34,0.0,0,4
Jilin,18-02-2020,89,0,1,36,0.0,0,2
Jilin,19-02-2020,90,1,1,37,0.011111111111111112,0,1
Jilin,20-02-2020,91,1,1,43,0.01098901098901099,0,6
Jilin,21-02-2020,91,0,1,45,0.0,0,2
Jilin,22-02-2020,91,0,1,52,0.0,0,7
Jilin,23-02-2020,91,0,1,54,0.0,0,2
Jilin,24-02-2020,93,2,1,60,0.021505376344086023,0,6
Jilin,25-02-2020,93,0,1,63,0.0,0,3
Jilin,26-02-2020,93,0,1,65,0.0,0,2
Jilin,27-02-2020,93,0,1,67,0.0,0,2
Jilin,28-02-2020,93,0,1,73,0.0,0,6
Jilin,29-02-2020,93,0,1,75,0.0,0,2
Jilin,01-03-2020,93,0,1,78,0.0,0,3
Jilin,02-03-2020,93,0,1,83,0.0,0,5
Jilin,03-03-2020,93,0,1,83,0.0,0,0
Jilin,04-03-2020,93,0,1,86,0.0,0,3
Jilin,05-03-2020,93,0,1,88,0.0,0,2
Jilin,06-03-2020,93,0,1,90,0.0,0,2
Jilin,07-03-2020,93,0,1,90,0.0,0,0
Jilin,08-03-2020,93,0,1,90,0.0,0,0
Jilin,09-03-2020,93,0,1,91,0.0,0,1
Jilin,10-03-2020,93,0,1,91,0.0,0,0
Jilin,11-03-2020,93,0,1,91,0.0,0,0
Jilin,12-03-2020,93,0,1,91,0.0,0,0
Jilin,13-03-2020,93,0,1,91,0.0,0,0
Jilin,14-03-2020,93,0,1,91,0.0,0,0
Jilin,15-03-2020,93,0,1,91,0.0,0,0
Liaoning,22-01-2020,2,2,0,0,1.0,0,0
Liaoning,23-01-2020,3,1,0,0,0.3333333333333333,0,0
Liaoning,24-01-2020,4,1,0,0,0.25,0,0
Liaoning,25-01-2020,17,13,0,0,0.7647058823529411,0,0
Liaoning,26-01-2020,21,4,0,0,0.19047619047619047,0,0
Liaoning,27-01-2020,27,6,0,0,0.2222222222222222,0,0
Liaoning,28-01-2020,34,7,0,0,0.20588235294117646,0,0
Liaoning,29-01-2020,39,5,0,1,0.1282051282051282,0,1
Liaoning,30-01-2020,41,2,0,1,0.04878048780487805,0,0
Liaoning,31-01-2020,48,7,0,1,0.14583333333333334,0,0
Liaoning,01-02-2020,64,16,0,1,0.25,0,0
Liaoning,02-02-2020,70,6,0,1,0.08571428571428572,0,0
Liaoning,03-02-2020,74,4,0,1,0.05405405405405406,0,0
Liaoning,04-02-2020,81,7,0,2,0.08641975308641975,0,1
Liaoning,05-02-2020,89,8,0,4,0.0898876404494382,0,2
Liaoning,06-02-2020,94,5,0,5,0.05319148936170213,0,1
Liaoning,07-02-2020,99,5,0,7,0.050505050505050504,0,2
Liaoning,08-02-2020,105,6,0,8,0.05714285714285714,0,1
Liaoning,09-02-2020,107,2,0,12,0.018691588785046728,0,4
Liaoning,10-02-2020,108,1,0,13,0.009259259259259259,0,1
Liaoning,11-02-2020,111,3,0,19,0.02702702702702703,0,6
Liaoning,12-02-2020,116,5,1,20,0.04310344827586207,1,1
Liaoning,13-02-2020,117,1,1,22,0.008547008547008548,0,2
Liaoning,14-02-2020,119,2,1,29,0.01680672268907563,0,7
Liaoning,15-02-2020,119,0,1,31,0.0,0,2
Liaoning,16-02-2020,121,2,1,40,0.01652892561983471,0,9
Liaoning,17-02-2020,121,0,1,43,0.0,0,3
Liaoning,18-02-2020,121,0,1,53,0.0,0,10
Liaoning,19-02-2020,121,0,1,55,0.0,0,2
Liaoning,20-02-2020,121,0,1,59,0.0,0,4
Liaoning,21-02-2020,121,0,1,61,0.0,0,2
Liaoning,22-02-2020,121,0,1,66,0.0,0,5
Liaoning,23-02-2020,121,0,1,73,0.0,0,7
Liaoning,24-02-2020,121,0,1,80,0.0,0,7
Liaoning,25-02-2020,121,0,1,83,0.0,0,3
Liaoning,26-02-2020,121,0,1,88,0.0,0,5
Liaoning,27-02-2020,121,0,1,93,0.0,0,5
Liaoning,28-02-2020,121,0,1,93,0.0,0,0
Liaoning,29-02-2020,121,0,1,96,0.0,0,3
Liaoning,01-03-2020,122,1,1,103,0.00819672131147541,0,7
Liaoning,02-03-2020,122,0,1,103,0.0,0,0
Liaoning,03-03-2020,125,3,1,106,0.024,0,3
Liaoning,04-03-2020,125,0,1,106,0.0,0,0
Liaoning,05-03-2020,125,0,1,106,0.0,0,0
Liaoning,06-03-2020,125,0,1,106,0.0,0,0
Liaoning,07-03-2020,125,0,1,107,0.0,0,1
Liaoning,08-03-2020,125,0,1,109,0.0,0,2
Liaoning,09-03-2020,125,0,1,109,0.0,0,0
Liaoning,10-03-2020,125,0,1,111,0.0,0,2
Liaoning,11-03-2020,125,0,1,111,0.0,0,0
Liaoning,12-03-2020,125,0,1,112,0.0,0,1
Liaoning,13-03-2020,125,0,1,112,0.0,0,0
Liaoning,14-03-2020,125,0,1,113,0.0,0,1
Liaoning,15-03-2020,125,0,1,114,0.0,0,1
Ningxia,22-01-2020,1,1,0,0,1.0,0,0
Ningxia,23-01-2020,1,0,0,0,0.0,0,0
Ningxia,24-01-2020,2,1,0,0,0.5,0,0
Ningxia,25-01-2020,3,1,0,0,0.3333333333333333,0,0
Ningxia,26-01-2020,4,1,0,0,0.25,0,0
Ningxia,27-01-2020,7,3,0,0,0.42857142857142855,0,0
Ningxia,28-01-2020,11,4,0,0,0.36363636363636365,0,0
Ningxia,29-01-2020,12,1,0,0,0.08333333333333333,0,0
Ningxia,30-01-2020,17,5,0,0,0.29411764705882354,0,0
Ningxia,31-01-2020,21,4,0,0,0.19047619047619047,0,0
Ningxia,01-02-2020,26,5,0,0,0.19230769230769232,0,0
Ningxia,02-02-2020,28,2,0,0,0.07142857142857142,0,0
Ningxia,03-02-2020,31,3,0,1,0.0967741935483871,0,1
Ningxia,04-02-2020,34,3,0,1,0.08823529411764706,0,0
Ningxia,05-02-2020,34,0,0,1,0.0,0,0
Ningxia,06-02-2020,40,6,0,1,0.15,0,0
Ningxia,07-02-2020,43,3,0,5,0.06976744186046512,0,4
Ningxia,08-02-2020,45,2,0,15,0.044444444444444446,0,10
Ningxia,09-02-2020,45,0,0,13,0.0,0,0
Ningxia,10-02-2020,49,4,0,13,0.08163265306122448,0,0
Ningxia,11-02-2020,53,4,0,22,0.07547169811320754,0,9
Ningxia,12-02-2020,58,5,0,24,0.08620689655172414,0,2
Ningxia,13-02-2020,64,6,0,24,0.09375,0,0
Ningxia,14-02-2020,67,3,0,24,0.04477611940298507,0,0
Ningxia,15-02-2020,70,3,0,33,0.04285714285714286,0,9
Ningxia,16-02-2020,70,0,0,33,0.0,0,0
Ningxia,17-02-2020,70,0,0,35,0.0,0,2
Ningxia,18-02-2020,70,0,0,42,0.0,0,7
Ningxia,19-02-2020,71,1,0,42,0.014084507042253521,0,0
Ningxia,20-02-2020,71,0,0,44,0.0,0,2
Ningxia,21-02-2020,71,0,0,48,0.0,0,4
Ningxia,22-02-2020,71,0,0,48,0.0,0,0
Ningxia,23-02-2020,71,0,0,56,0.0,0,8
Ningxia,24-02-2020,71,0,0,58,0.0,0,2
Ningxia,25-02-2020,71,0,0,61,0.0,0,3
Ningxia,26-02-2020,71,0,0,65,0.0,0,4
Ningxia,27-02-2020,72,1,0,68,0.013888888888888888,0,3
Ningxia,28-02-2020,72,0,0,68,0.0,0,0
Ningxia,29-02-2020,73,1,0,69,0.0136986301369863,0,1
Ningxia,01-03-2020,73,0,0,69,0.0,0,0
Ningxia,02-03-2020,74,1,0,69,0.013513513513513514,0,0
Ningxia,03-03-2020,74,0,0,69,0.0,0,0
Ningxia,04-03-2020,75,1,0,69,0.013333333333333334,0,0
Ningxia,05-03-2020,75,0,0,69,0.0,0,0
Ningxia,06-03-2020,75,0,0,71,0.0,0,2
Ningxia,07-03-2020,75,0,0,71,0.0,0,0
Ningxia,08-03-2020,75,0,0,71,0.0,0,0
Ningxia,09-03-2020,75,0,0,71,0.0,0,0
Ningxia,10-03-2020,75,0,0,71,0.0,0,0
Ningxia,11-03-2020,75,0,0,72,0.0,0,1
Ningxia,12-03-2020,75,0,0,72,0.0,0,0
Ningxia,13-03-2020,75,0,0,72,0.0,0,0
Ningxia,14-03-2020,75,0,0,73,0.0,0,1
Ningxia,15-03-2020,75,0,0,73,0.0,0,0
Qinghai,22-01-2020,0,0,0,0,,0,0
Qinghai,23-01-2020,0,0,0,0,,0,0
Qinghai,24-01-2020,0,0,0,0,,0,0
Qinghai,25-01-2020,1,1,0,0,1.0,0,0
Qinghai,26-01-2020,1,0,0,0,0.0,0,0
Qinghai,27-01-2020,6,5,0,0,0.8333333333333334,0,0
Qinghai,28-01-2020,6,0,0,0,0.0,0,0
Qinghai,29-01-2020,6,0,0,0,0.0,0,0
Qinghai,30-01-2020,8,2,0,0,0.25,0,0
Qinghai,31-01-2020,8,0,0,0,0.0,0,0
Qinghai,01-02-2020,9,1,0,0,0.1111111111111111,0,0
Qinghai,02-02-2020,11,2,0,0,0.18181818181818182,0,0
Qinghai,03-02-2020,13,2,0,0,0.15384615384615385,0,0
Qinghai,04-02-2020,15,2,0,0,0.13333333333333333,0,0
Qinghai,05-02-2020,17,2,0,3,0.11764705882352941,0,3
Qinghai,06-02-2020,18,1,0,3,0.05555555555555555,0,0
Qinghai,07-02-2020,18,0,0,3,0.0,0,0
Qinghai,08-02-2020,18,0,0,3,0.0,0,0
Qinghai,09-02-2020,18,0,0,3,0.0,0,0
Qinghai,10-02-2020,18,0,0,3,0.0,0,0
Qinghai,11-02-2020,18,0,0,5,0.0,0,2
Qinghai,12-02-2020,18,0,0,9,0.0,0,4
Qinghai,13-02-2020,18,0,0,11,0.0,0,2
Qinghai,14-02-2020,18,0,0,11,0.0,0,0
Qinghai,15-02-2020,18,0,0,13,0.0,0,2
Qinghai,16-02-2020,18,0,0,13,0.0,0,0
Qinghai,17-02-2020,18,0,0,13,0.0,0,0
Qinghai,18-02-2020,18,0,0,15,0.0,0,2
Qinghai,19-02-2020,18,0,0,16,0.0,0,1
Qinghai,20-02-2020,18,0,0,16,0.0,0,0
Qinghai,21-02-2020,18,0,0,18,0.0,0,2
Qinghai,22-02-2020,18,0,0,18,0.0,0,0
Qinghai,23-02-2020,18,0,0,18,0.0,0,0
Qinghai,24-02-2020,18,0,0,18,0.0,0,0
Qinghai,25-02-2020,18,0,0,18,0.0,0,0
Qinghai,26-02-2020,18,0,0,18,0.0,0,0
Qinghai,27-02-2020,18,0,0,18,0.0,0,0
Qinghai,28-02-2020,18,0,0,18,0.0,0,0
Qinghai,29-02-2020,18,0,0,18,0.0,0,0
Qinghai,01-03-2020,18,0,0,18,0.0,0,0
Qinghai,02-03-2020,18,0,0,18,0.0,0,0
Qinghai,03-03-2020,18,0,0,18,0.0,0,0
Qinghai,04-03-2020,18,0,0,18,0.0,0,0
Qinghai,05-03-2020,18,0,0,18,0.0,0,0
Qinghai,06-03-2020,18,0,0,18,0.0,0,0
Qinghai,07-03-2020,18,0,0,18,0.0,0,0
Qinghai,08-03-2020,18,0,0,18,0.0,0,0
Qinghai,09-03-2020,18,0,0,18,0.0,0,0
Qinghai,10-03-2020,18,0,0,18,0.0,0,0
Qinghai,11-03-2020,18,0,0,18,0.0,0,0
Qinghai,12-03-2020,18,0,0,18,0.0,0,0
Qinghai,13-03-2020,18,0,0,18,0.0,0,0
Qinghai,14-03-2020,18,0,0,18,0.0,0,0
Qinghai,15-03-2020,18,0,0,18,0.0,0,0
Shaanxi,22-01-2020,0,0,0,0,,0,0
Shaanxi,23-01-2020,3,3,0,0,1.0,0,0
Shaanxi,24-01-2020,5,2,0,0,0.4,0,0
Shaanxi,25-01-2020,15,10,0,0,0.6666666666666666,0,0
Shaanxi,26-01-2020,22,7,0,0,0.3181818181818182,0,0
Shaanxi,27-01-2020,35,13,0,0,0.37142857142857144,0,0
Shaanxi,28-01-2020,46,11,0,0,0.2391304347826087,0,0
Shaanxi,29-01-2020,56,10,0,0,0.17857142857142858,0,0
Shaanxi,30-01-2020,63,7,0,0,0.1111111111111111,0,0
Shaanxi,31-01-2020,87,24,0,0,0.27586206896551724,0,0
Shaanxi,01-02-2020,101,14,0,0,0.13861386138613863,0,0
Shaanxi,02-02-2020,116,15,0,0,0.12931034482758622,0,0
Shaanxi,03-02-2020,128,12,0,0,0.09375,0,0
Shaanxi,04-02-2020,142,14,0,2,0.09859154929577464,0,2
Shaanxi,05-02-2020,165,23,0,6,0.1393939393939394,0,4
Shaanxi,06-02-2020,173,8,0,9,0.046242774566473986,0,3
Shaanxi,07-02-2020,184,11,0,17,0.059782608695652176,0,8
Shaanxi,08-02-2020,195,11,0,20,0.05641025641025641,0,3
Shaanxi,09-02-2020,208,13,0,25,0.0625,0,5
Shaanxi,10-02-2020,213,5,0,30,0.023474178403755867,0,5
Shaanxi,11-02-2020,219,6,0,32,0.0273972602739726,0,2
Shaanxi,12-02-2020,225,6,0,43,0.02666666666666667,0,11
Shaanxi,13-02-2020,229,4,0,46,0.017467248908296942,0,3
Shaanxi,14-02-2020,230,1,0,54,0.004347826086956522,0,8
Shaanxi,15-02-2020,232,2,0,60,0.008620689655172414,0,6
Shaanxi,16-02-2020,236,4,0,71,0.01694915254237288,0,11
Shaanxi,17-02-2020,240,4,0,79,0.016666666666666666,0,8
Shaanxi,18-02-2020,240,0,0,89,0.0,0,10
Shaanxi,19-02-2020,242,2,0,102,0.008264462809917356,0,13
Shaanxi,20-02-2020,245,3,1,118,0.012244897959183673,1,16
Shaanxi,21-02-2020,245,0,1,134,0.0,0,16
Shaanxi,22-02-2020,245,0,1,149,0.0,0,15
Shaanxi,23-02-2020,245,0,1,163,0.0,0,14
Shaanxi,24-02-2020,245,0,1,173,0.0,0,10
Shaanxi,25-02-2020,245,0,1,186,0.0,0,13
Shaanxi,26-02-2020,245,0,1,192,0.0,0,6
Shaanxi,27-02-2020,245,0,1,195,0.0,0,3
Shaanxi,28-02-2020,245,0,1,199,0.0,0,4
Shaanxi,29-02-2020,245,0,1,207,0.0,0,8
Shaanxi,01-03-2020,245,0,1,208,0.0,0,1
Shaanxi,02-03-2020,245,0,1,216,0.0,0,8
Shaanxi,03-03-2020,245,0,1,216,0.0,0,0
Shaanxi,04-03-2020,245,0,1,223,0.0,0,7
Shaanxi,05-03-2020,245,0,1,224,0.0,0,1
Shaanxi,06-03-2020,245,0,1,226,0.0,0,2
Shaanxi,07-03-2020,245,0,1,226,0.0,0,0
Shaanxi,08-03-2020,245,0,1,227,0.0,0,1
Shaanxi,09-03-2020,245,0,1,227,0.0,0,0
Shaanxi,10-03-2020,245,0,1,227,0.0,0,0
Shaanxi,11-03-2020,245,0,1,232,0.0,0,5
Shaanxi,12-03-2020,245,0,2,232,0.0,1,0
Shaanxi,13-03-2020,245,0,2,232,0.0,0,0
Shaanxi,14-03-2020,245,0,2,232,0.0,0,0
Shaanxi,15-03-2020,245,0,2,232,0.0,0,0
Shandong,22-01-2020,2,2,0,0,1.0,0,0
Shandong,23-01-2020,6,4,0,0,0.6666666666666666,0,0
Shandong,24-01-2020,15,9,0,0,0.6,0,0
Shandong,25-01-2020,27,12,0,0,0.4444444444444444,0,0
Shandong,26-01-2020,46,19,0,0,0.41304347826086957,0,0
Shandong,27-01-2020,75,29,0,0,0.38666666666666666,0,0
Shandong,28-01-2020,95,20,0,0,0.21052631578947367,0,0
Shandong,29-01-2020,130,35,0,1,0.2692307692307692,0,1
Shandong,30-01-2020,158,28,0,1,0.17721518987341772,0,0
Shandong,31-01-2020,184,26,0,2,0.14130434782608695,0,1
Shandong,01-02-2020,206,22,0,3,0.10679611650485436,0,1
Shandong,02-02-2020,230,24,0,6,0.10434782608695652,0,3
Shandong,03-02-2020,259,29,0,7,0.11196911196911197,0,1
Shandong,04-02-2020,275,16,0,11,0.05818181818181818,0,4
Shandong,05-02-2020,307,32,0,15,0.10423452768729642,0,4
Shandong,06-02-2020,347,40,0,27,0.11527377521613832,0,12
Shandong,07-02-2020,386,39,0,37,0.10103626943005181,0,10
Shandong,08-02-2020,416,30,0,44,0.07211538461538461,0,7
Shandong,09-02-2020,444,28,1,63,0.06306306306306306,1,19
Shandong,10-02-2020,466,22,1,66,0.04721030042918455,0,3
Shandong,11-02-2020,487,21,1,80,0.043121149897330596,0,14
Shandong,12-02-2020,497,10,2,92,0.02012072434607646,1,12
Shandong,13-02-2020,509,12,2,105,0.023575638506876228,0,13
Shandong,14-02-2020,523,14,2,136,0.02676864244741874,0,31
Shandong,15-02-2020,532,9,2,156,0.016917293233082706,0,20
Shandong,16-02-2020,537,5,2,173,0.00931098696461825,0,17
Shandong,17-02-2020,541,4,2,191,0.0073937153419593345,0,18
Shandong,18-02-2020,543,2,3,211,0.003683241252302026,1,20
Shandong,19-02-2020,544,1,3,231,0.001838235294117647,0,20
Shandong,20-02-2020,546,2,4,254,0.003663003663003663,1,23
Shandong,21-02-2020,749,203,4,281,0.27102803738317754,0,27
Shandong,22-02-2020,750,1,4,302,0.0013333333333333333,0,21
Shandong,23-02-2020,754,4,4,321,0.005305039787798408,0,19
Shandong,24-02-2020,755,1,5,343,0.0013245033112582781,1,22
Shandong,25-02-2020,756,1,6,355,0.0013227513227513227,1,12
Shandong,26-02-2020,756,0,6,377,0.0,0,22
Shandong,27-02-2020,756,0,6,387,0.0,0,10
Shandong,28-02-2020,756,0,6,405,0.0,0,18
Shandong,29-02-2020,756,0,6,421,0.0,0,16
Shandong,01-03-2020,758,2,6,443,0.002638522427440633,0,22
Shandong,02-03-2020,758,0,6,460,0.0,0,17
Shandong,03-03-2020,758,0,6,511,0.0,0,51
Shandong,04-03-2020,758,0,6,516,0.0,0,5
Shandong,05-03-2020,758,0,6,578,0.0,0,62
Shandong,06-03-2020,758,0,6,618,0.0,0,40
Shandong,07-03-2020,758,0,6,627,0.0,0,9
Shandong,08-03-2020,758,0,6,642,0.0,0,15
Shandong,09-03-2020,758,0,6,700,0.0,0,58
Shandong,10-03-2020,758,0,6,719,0.0,0,19
Shandong,11-03-2020,760,2,6,726,0.002631578947368421,0,7
Shandong,12-03-2020,760,0,6,734,0.0,0,8
Shandong,13-03-2020,760,0,7,739,0.0,1,5
Shandong,14-03-2020,760,0,7,741,0.0,0,2
Shandong,15-03-2020,760,0,7,741,0.0,0,0
Shanghai,22-01-2020,9,9,0,0,1.0,0,0
Shanghai,23-01-2020,16,7,0,0,0.4375,0,0
Shanghai,24-01-2020,20,4,0,1,0.2,0,1
Shanghai,25-01-2020,33,13,0,1,0.3939393939393939,0,0
Shanghai,26-01-2020,40,7,1,1,0.175,1,0
Shanghai,27-01-2020,53,13,1,3,0.24528301886792453,0,2
Shanghai,28-01-2020,66,13,1,4,0.19696969696969696,0,1
Shanghai,29-01-2020,96,30,1,5,0.3125,0,1
Shanghai,30-01-2020,112,16,1,5,0.14285714285714285,0,0
Shanghai,31-01-2020,135,23,1,9,0.17037037037037037,0,4
Shanghai,01-02-2020,169,34,1,10,0.20118343195266272,0,1
Shanghai,02-02-2020,182,13,1,10,0.07142857142857142,0,0
Shanghai,03-02-2020,203,21,1,10,0.10344827586206896,0,0
Shanghai,04-02-2020,219,16,1,12,0.0730593607305936,0,2
Shanghai,05-02-2020,243,24,1,15,0.09876543209876543,0,3
Shanghai,06-02-2020,257,14,1,25,0.054474708171206226,0,10
Shanghai,07-02-2020,277,20,1,30,0.07220216606498195,0,5
Shanghai,08-02-2020,286,9,1,41,0.03146853146853147,0,11
Shanghai,09-02-2020,293,7,1,44,0.023890784982935155,0,3
Shanghai,10-02-2020,299,6,1,48,0.020066889632107024,0,4
Shanghai,11-02-2020,303,4,1,52,0.013201320132013201,0,4
Shanghai,12-02-2020,311,8,1,57,0.02572347266881029,0,5
Shanghai,13-02-2020,315,4,1,62,0.012698412698412698,0,5
Shanghai,14-02-2020,318,3,1,90,0.009433962264150943,0,28
Shanghai,15-02-2020,326,8,1,124,0.024539877300613498,0,34
Shanghai,16-02-2020,328,2,1,140,0.006097560975609756,0,16
Shanghai,17-02-2020,333,5,1,161,0.015015015015015015,0,21
Shanghai,18-02-2020,333,0,1,177,0.0,0,16
Shanghai,19-02-2020,333,0,2,186,0.0,1,9
Shanghai,20-02-2020,334,1,2,199,0.0029940119760479044,0,13
Shanghai,21-02-2020,334,0,2,211,0.0,0,12
Shanghai,22-02-2020,335,1,3,227,0.0029850746268656717,1,16
Shanghai,23-02-2020,335,0,3,249,0.0,0,22
Shanghai,24-02-2020,335,0,3,261,0.0,0,12
Shanghai,25-02-2020,336,1,3,268,0.002976190476190476,0,7
Shanghai,26-02-2020,337,1,3,272,0.002967359050445104,0,4
Shanghai,27-02-2020,337,0,3,276,0.0,0,4
Shanghai,28-02-2020,337,0,3,279,0.0,0,3
Shanghai,29-02-2020,337,0,3,287,0.0,0,8
Shanghai,01-03-2020,337,0,3,290,0.0,0,3
Shanghai,02-03-2020,337,0,3,292,0.0,0,2
Shanghai,03-03-2020,338,1,3,294,0.0029585798816568047,0,2
Shanghai,04-03-2020,338,0,3,298,0.0,0,4
Shanghai,05-03-2020,339,1,3,303,0.0029498525073746312,0,5
Shanghai,06-03-2020,342,3,3,306,0.008771929824561403,0,3
Shanghai,07-03-2020,342,0,3,313,0.0,0,7
Shanghai,08-03-2020,342,0,3,314,0.0,0,1
Shanghai,09-03-2020,342,0,3,315,0.0,0,1
Shanghai,10-03-2020,344,2,3,319,0.005813953488372093,0,4
Shanghai,11-03-2020,344,0,3,320,0.0,0,1
Shanghai,12-03-2020,344,0,3,321,0.0,0,1
Shanghai,13-03-2020,346,2,3,324,0.005780346820809248,0,3
Shanghai,14-03-2020,353,7,3,324,0.019830028328611898,0,0
Shanghai,15-03-2020,353,0,3,324,0.0,0,0
Shanxi,22-01-2020,1,1,0,0,1.0,0,0
Shanxi,23-01-2020,1,0,0,0,0.0,0,0
Shanxi,24-01-2020,1,0,0,0,0.0,0,0
Shanxi,25-01-2020,6,5,0,0,0.8333333333333334,0,0
Shanxi,26-01-2020,9,3,0,0,0.3333333333333333,0,0
Shanxi,27-01-2020,13,4,0,0,0.3076923076923077,0,0
Shanxi,28-01-2020,27,14,0,0,0.5185185185185185,0,0
Shanxi,29-01-2020,27,0,0,1,0.0,0,1
Shanxi,30-01-2020,35,8,0,1,0.22857142857142856,0,0
Shanxi,31-01-2020,39,4,0,1,0.10256410256410256,0,0
Shanxi,01-02-2020,47,8,0,1,0.1702127659574468,0,0
Shanxi,02-02-2020,66,19,0,3,0.2878787878787879,0,2
Shanxi,03-02-2020,74,8,0,2,0.10810810810810811,0,0
Shanxi,04-02-2020,81,7,0,4,0.08641975308641975,0,2
Shanxi,05-02-2020,81,0,0,5,0.0,0,1
Shanxi,06-02-2020,96,15,0,12,0.15625,0,7
Shanxi,07-02-2020,104,8,0,15,0.07692307692307693,0,3
Shanxi,08-02-2020,115,11,0,21,0.09565217391304348,0,6
Shanxi,09-02-2020,119,4,0,25,0.03361344537815126,0,4
Shanxi,10-02-2020,119,0,0,25,0.0,0,0
Shanxi,11-02-2020,124,5,0,30,0.04032258064516129,0,5
Shanxi,12-02-2020,126,2,0,33,0.015873015873015872,0,3
Shanxi,13-02-2020,126,0,0,36,0.0,0,3
Shanxi,14-02-2020,127,1,0,38,0.007874015748031496,0,2
Shanxi,15-02-2020,128,1,0,46,0.0078125,0,8
Shanxi,16-02-2020,129,1,0,50,0.007751937984496124,0,4
Shanxi,17-02-2020,130,1,0,53,0.007692307692307693,0,3
Shanxi,18-02-2020,131,1,0,61,0.007633587786259542,0,8
Shanxi,19-02-2020,131,0,0,68,0.0,0,7
Shanxi,20-02-2020,132,1,0,76,0.007575757575757576,0,8
Shanxi,21-02-2020,132,0,0,78,0.0,0,2
Shanxi,22-02-2020,132,0,0,81,0.0,0,3
Shanxi,23-02-2020,132,0,0,88,0.0,0,7
Shanxi,24-02-2020,133,1,0,94,0.007518796992481203,0,6
Shanxi,25-02-2020,133,0,0,98,0.0,0,4
Shanxi,26-02-2020,133,0,0,104,0.0,0,6
Shanxi,27-02-2020,133,0,0,107,0.0,0,3
Shanxi,28-02-2020,133,0,0,112,0.0,0,5
Shanxi,29-02-2020,133,0,0,114,0.0,0,2
Shanxi,01-03-2020,133,0,0,116,0.0,0,2
Shanxi,02-03-2020,133,0,0,119,0.0,0,3
Shanxi,03-03-2020,133,0,0,124,0.0,0,5
Shanxi,04-03-2020,133,0,0,124,0.0,0,0
Shanxi,05-03-2020,133,0,0,126,0.0,0,2
Shanxi,06-03-2020,133,0,0,126,0.0,0,0
Shanxi,07-03-2020,133,0,0,126,0.0,0,0
Shanxi,08-03-2020,133,0,0,126,0.0,0,0
Shanxi,09-03-2020,133,0,0,127,0.0,0,1
Shanxi,10-03-2020,133,0,0,131,0.0,0,4
Shanxi,11-03-2020,133,0,0,131,0.0,0,0
Shanxi,12-03-2020,133,0,0,132,0.0,0,1
Shanxi,13-03-2020,133,0,0,133,0.0,0,1
Shanxi,14-03-2020,133,0,0,133,0.0,0,0
Shanxi,15-03-2020,133,0,0,133,0.0,0,0
Sichuan,22-01-2020,5,5,0,0,1.0,0,0
Sichuan,23-01-2020,8,3,0,0,0.375,0,0
Sichuan,24-01-2020,15,7,0,0,0.4666666666666667,0,0
Sichuan,25-01-2020,28,13,0,0,0.4642857142857143,0,0
Sichuan,26-01-2020,44,16,0,0,0.36363636363636365,0,0
Sichuan,27-01-2020,69,25,0,0,0.36231884057971014,0,0
Sichuan,28-01-2020,90,21,0,0,0.23333333333333334,0,0
Sichuan,29-01-2020,108,18,1,1,0.16666666666666666,1,1
Sichuan,30-01-2020,142,34,1,1,0.23943661971830985,0,0
Sichuan,31-01-2020,177,35,1,1,0.1977401129943503,0,0
Sichuan,01-02-2020,207,30,1,3,0.14492753623188406,0,2
Sichuan,02-02-2020,231,24,1,11,0.1038961038961039,0,8
Sichuan,03-02-2020,254,23,1,14,0.09055118110236221,0,3
Sichuan,04-02-2020,282,28,1,14,0.09929078014184398,0,0
Sichuan,05-02-2020,301,19,1,24,0.06312292358803986,0,10
Sichuan,06-02-2020,321,20,1,31,0.06230529595015576,0,7
Sichuan,07-02-2020,344,23,1,42,0.06686046511627906,0,11
Sichuan,08-02-2020,364,20,1,60,0.054945054945054944,0,18
Sichuan,09-02-2020,386,22,1,71,0.05699481865284974,0,11
Sichuan,10-02-2020,405,19,1,80,0.04691358024691358,0,9
Sichuan,11-02-2020,417,12,1,85,0.02877697841726619,0,5
Sichuan,12-02-2020,436,19,1,92,0.04357798165137615,0,7
Sichuan,13-02-2020,451,15,1,104,0.03325942350332594,0,12
Sichuan,14-02-2020,463,12,1,114,0.02591792656587473,0,10
Sichuan,15-02-2020,470,7,1,119,0.014893617021276596,0,5
Sichuan,16-02-2020,481,11,3,131,0.02286902286902287,2,12
Sichuan,17-02-2020,495,14,3,156,0.028282828282828285,0,25
Sichuan,18-02-2020,508,13,3,169,0.025590551181102362,0,13
Sichuan,19-02-2020,514,6,3,188,0.011673151750972763,0,19
Sichuan,20-02-2020,520,6,3,217,0.011538461538461539,0,29
Sichuan,21-02-2020,525,5,3,231,0.009523809523809525,0,14
Sichuan,22-02-2020,526,1,3,250,0.0019011406844106464,0,19
Sichuan,23-02-2020,526,0,3,261,0.0,0,11
Sichuan,24-02-2020,527,1,3,276,0.0018975332068311196,0,15
Sichuan,25-02-2020,529,2,3,289,0.003780718336483932,0,13
Sichuan,26-02-2020,531,2,3,307,0.003766478342749529,0,18
Sichuan,27-02-2020,534,3,3,321,0.0056179775280898875,0,14
Sichuan,28-02-2020,538,4,3,338,0.007434944237918215,0,17
Sichuan,29-02-2020,538,0,3,351,0.0,0,13
Sichuan,01-03-2020,538,0,3,365,0.0,0,14
Sichuan,02-03-2020,538,0,3,386,0.0,0,21
Sichuan,03-03-2020,538,0,3,394,0.0,0,8
Sichuan,04-03-2020,538,0,3,406,0.0,0,12
Sichuan,05-03-2020,539,1,3,425,0.0018552875695732839,0,19
Sichuan,06-03-2020,539,0,3,442,0.0,0,17
Sichuan,07-03-2020,539,0,3,454,0.0,0,12
Sichuan,08-03-2020,539,0,3,464,0.0,0,10
Sichuan,09-03-2020,539,0,3,466,0.0,0,2
Sichuan,10-03-2020,539,0,3,478,0.0,0,12
Sichuan,11-03-2020,539,0,3,488,0.0,0,10
Sichuan,12-03-2020,539,0,3,498,0.0,0,10
Sichuan,13-03-2020,539,0,3,503,0.0,0,5
Sichuan,14-03-2020,539,0,3,511,0.0,0,8
Sichuan,15-03-2020,539,0,3,516,0.0,0,5
Tianjin,22-01-2020,4,4,0,0,1.0,0,0
Tianjin,23-01-2020,4,0,0,0,0.0,0,0
Tianjin,24-01-2020,8,4,0,0,0.5,0,0
Tianjin,25-01-2020,10,2,0,0,0.2,0,0
Tianjin,26-01-2020,14,4,0,0,0.2857142857142857,0,0
Tianjin,27-01-2020,23,9,0,0,0.391304347826087,0,0
Tianjin,28-01-2020,24,1,0,0,0.041666666666666664,0,0
Tianjin,29-01-2020,27,3,0,0,0.1111111111111111,0,0
Tianjin,30-01-2020,31,4,0,0,0.12903225806451613,0,0
Tianjin,31-01-2020,32,1,0,0,0.03125,0,0
Tianjin,01-02-2020,41,9,0,0,0.21951219512195122,0,0
Tianjin,02-02-2020,48,7,0,1,0.14583333333333334,0,1
Tianjin,03-02-2020,60,12,0,1,0.2,0,0
Tianjin,04-02-2020,67,7,0,2,0.1044776119402985,0,1
Tianjin,05-02-2020,69,2,1,2,0.028985507246376812,1,0
Tianjin,06-02-2020,79,10,1,2,0.12658227848101267,0,0
Tianjin,07-02-2020,81,2,1,2,0.024691358024691357,0,0
Tianjin,08-02-2020,88,7,1,4,0.07954545454545454,0,2
Tianjin,09-02-2020,91,3,1,4,0.03296703296703297,0,0
Tianjin,10-02-2020,95,4,1,8,0.042105263157894736,0,4
Tianjin,11-02-2020,106,11,2,10,0.10377358490566038,1,2
Tianjin,12-02-2020,112,6,2,11,0.05357142857142857,0,1
Tianjin,13-02-2020,119,7,3,21,0.058823529411764705,1,10
Tianjin,14-02-2020,120,1,3,31,0.008333333333333333,0,10
Tianjin,15-02-2020,122,2,3,37,0.01639344262295082,0,6
Tianjin,16-02-2020,124,2,3,45,0.016129032258064516,0,8
Tianjin,17-02-2020,125,1,3,46,0.008,0,1
Tianjin,18-02-2020,128,3,3,48,0.0234375,0,2
Tianjin,19-02-2020,130,2,3,54,0.015384615384615385,0,6
Tianjin,20-02-2020,131,1,3,59,0.007633587786259542,0,5
Tianjin,21-02-2020,132,1,3,62,0.007575757575757576,0,3
Tianjin,22-02-2020,135,3,3,65,0.022222222222222223,0,3
Tianjin,23-02-2020,135,0,3,81,0.0,0,16
Tianjin,24-02-2020,135,0,3,87,0.0,0,6
Tianjin,25-02-2020,135,0,3,91,0.0,0,4
Tianjin,26-02-2020,135,0,3,96,0.0,0,5
Tianjin,27-02-2020,136,1,3,102,0.007352941176470588,0,6
Tianjin,28-02-2020,136,0,3,102,0.0,0,0
Tianjin,29-02-2020,136,0,3,109,0.0,0,7
Tianjin,01-03-2020,136,0,3,111,0.0,0,2
Tianjin,02-03-2020,136,0,3,111,0.0,0,0
Tianjin,03-03-2020,136,0,3,124,0.0,0,13
Tianjin,04-03-2020,136,0,3,124,0.0,0,0
Tianjin,05-03-2020,136,0,3,128,0.0,0,4
Tianjin,06-03-2020,136,0,3,128,0.0,0,0
Tianjin,07-03-2020,136,0,3,128,0.0,0,0
Tianjin,08-03-2020,136,0,3,128,0.0,0,0
Tianjin,09-03-2020,136,0,3,130,0.0,0,2
Tianjin,10-03-2020,136,0,3,131,0.0,0,1
Tianjin,11-03-2020,136,0,3,131,0.0,0,0
Tianjin,12-03-2020,136,0,3,132,0.0,0,1
Tianjin,13-03-2020,136,0,3,132,0.0,0,0
Tianjin,14-03-2020,136,0,3,132,0.0,0,0
Tianjin,15-03-2020,136,0,3,133,0.0,0,1
Tibet,30-01-2020,1,1,0,0,1.0,0,0
Tibet,31-01-2020,1,0,0,0,0.0,0,0
Tibet,01-02-2020,1,0,0,0,0.0,0,0
Tibet,02-02-2020,1,0,0,0,0.0,0,0
Tibet,03-02-2020,1,0,0,0,0.0,0,0
Tibet,04-02-2020,1,0,0,0,0.0,0,0
Tibet,05-02-2020,1,0,0,0,0.0,0,0
Tibet,06-02-2020,1,0,0,0,0.0,0,0
Tibet,07-02-2020,1,0,0,0,0.0,0,0
Tibet,08-02-2020,1,0,0,0,0.0,0,0
Tibet,09-02-2020,1,0,0,0,0.0,0,0
Tibet,10-02-2020,1,0,0,0,0.0,0,0
Tibet,11-02-2020,1,0,0,0,0.0,0,0
Tibet,12-02-2020,1,0,0,1,0.0,0,1
Tibet,13-02-2020,1,0,0,1,0.0,0,0
Tibet,14-02-2020,1,0,0,1,0.0,0,0
Tibet,15-02-2020,1,0,0,1,0.0,0,0
Tibet,16-02-2020,1,0,0,1,0.0,0,0
Tibet,17-02-2020,1,0,0,1,0.0,0,0
Tibet,18-02-2020,1,0,0,1,0.0,0,0
Tibet,19-02-2020,1,0,0,1,0.0,0,0
Tibet,20-02-2020,1,0,0,1,0.0,0,0
Tibet,21-02-2020,1,0,0,1,0.0,0,0
Tibet,22-02-2020,1,0,0,1,0.0,0,0
Tibet,23-02-2020,1,0,0,1,0.0,0,0
Tibet,24-02-2020,1,0,0,1,0.0,0,0
Tibet,25-02-2020,1,0,0,1,0.0,0,0
Tibet,26-02-2020,1,0,0,1,0.0,0,0
Tibet,27-02-2020,1,0,0,1,0.0,0,0
Tibet,28-02-2020,1,0,0,1,0.0,0,0
Tibet,29-02-2020,1,0,0,1,0.0,0,0
Tibet,01-03-2020,1,0,0,1,0.0,0,0
Tibet,02-03-2020,1,0,0,1,0.0,0,0
Tibet,03-03-2020,1,0,0,1,0.0,0,0
Tibet,04-03-2020,1,0,0,1,0.0,0,0
Tibet,05-03-2020,1,0,0,1,0.0,0,0
Tibet,06-03-2020,1,0,0,1,0.0,0,0
Tibet,07-03-2020,1,0,0,1,0.0,0,0
Tibet,08-03-2020,1,0,0,1,0.0,0,0
Tibet,09-03-2020,1,0,0,1,0.0,0,0
Tibet,10-03-2020,1,0,0,1,0.0,0,0
Tibet,11-03-2020,1,0,0,1,0.0,0,0
Tibet,12-03-2020,1,0,0,1,0.0,0,0
Tibet,13-03-2020,1,0,0,1,0.0,0,0
Tibet,14-03-2020,1,0,0,1,0.0,0,0
Tibet,15-03-2020,1,0,0,1,0.0,0,0
Xinjiang,22-01-2020,0,0,0,0,,0,0
Xinjiang,23-01-2020,2,2,0,0,1.0,0,0
Xinjiang,24-01-2020,2,0,0,0,0.0,0,0
Xinjiang,25-01-2020,3,1,0,0,0.3333333333333333,0,0
Xinjiang,26-01-2020,4,1,0,0,0.25,0,0
Xinjiang,27-01-2020,5,1,0,0,0.2,0,0
Xinjiang,28-01-2020,10,5,0,0,0.5,0,0
Xinjiang,29-01-2020,13,3,0,0,0.23076923076923078,0,0
Xinjiang,30-01-2020,14,1,0,0,0.07142857142857142,0,0
Xinjiang,31-01-2020,17,3,0,0,0.17647058823529413,0,0
Xinjiang,01-02-2020,18,1,0,0,0.05555555555555555,0,0
Xinjiang,02-02-2020,21,3,0,0,0.14285714285714285,0,0
Xinjiang,03-02-2020,24,3,0,0,0.125,0,0
Xinjiang,04-02-2020,29,5,0,0,0.1724137931034483,0,0
Xinjiang,05-02-2020,32,3,0,0,0.09375,0,0
Xinjiang,06-02-2020,36,4,0,0,0.1111111111111111,0,0
Xinjiang,07-02-2020,39,3,0,0,0.07692307692307693,0,0
Xinjiang,08-02-2020,42,3,0,0,0.07142857142857142,0,0
Xinjiang,09-02-2020,45,3,0,0,0.06666666666666667,0,0
Xinjiang,10-02-2020,49,4,0,0,0.08163265306122448,0,0
Xinjiang,11-02-2020,55,6,0,3,0.10909090909090909,0,3
Xinjiang,12-02-2020,59,4,0,3,0.06779661016949153,0,0
Xinjiang,13-02-2020,63,4,1,6,0.06349206349206349,1,3
Xinjiang,14-02-2020,65,2,1,6,0.03076923076923077,0,0
Xinjiang,15-02-2020,70,5,1,10,0.07142857142857142,0,4
Xinjiang,16-02-2020,71,1,1,12,0.014084507042253521,0,2
Xinjiang,17-02-2020,75,4,1,12,0.05333333333333334,0,0
Xinjiang,18-02-2020,76,1,1,12,0.013157894736842105,0,0
Xinjiang,19-02-2020,76,0,1,20,0.0,0,8
Xinjiang,20-02-2020,76,0,1,22,0.0,0,2
Xinjiang,21-02-2020,76,0,1,24,0.0,0,2
Xinjiang,22-02-2020,76,0,2,25,0.0,1,1
Xinjiang,23-02-2020,76,0,2,28,0.0,0,3
Xinjiang,24-02-2020,76,0,2,30,0.0,0,2
Xinjiang,25-02-2020,76,0,2,30,0.0,0,0
Xinjiang,26-02-2020,76,0,2,34,0.0,0,4
Xinjiang,27-02-2020,76,0,2,43,0.0,0,9
Xinjiang,28-02-2020,76,0,3,52,0.0,1,9
Xinjiang,29-02-2020,76,0,3,62,0.0,0,10
Xinjiang,01-03-2020,76,0,3,64,0.0,0,2
Xinjiang,02-03-2020,76,0,3,66,0.0,0,2
Xinjiang,03-03-2020,76,0,3,68,0.0,0,2
Xinjiang,04-03-2020,76,0,3,69,0.0,0,1
Xinjiang,05-03-2020,76,0,3,70,0.0,0,1
Xinjiang,06-03-2020,76,0,3,71,0.0,0,1
Xinjiang,07-03-2020,76,0,3,72,0.0,0,1
Xinjiang,08-03-2020,76,0,3,73,0.0,0,1
Xinjiang,09-03-2020,76,0,3,73,0.0,0,0
Xinjiang,10-03-2020,76,0,3,73,0.0,0,0
Xinjiang,11-03-2020,76,0,3,73,0.0,0,0
Xinjiang,12-03-2020,76,0,3,73,0.0,0,0
Xinjiang,13-03-2020,76,0,3,73,0.0,0,0
Xinjiang,14-03-2020,76,0,3,73,0.0,0,0
Xinjiang,15-03-2020,76,0,3,73,0.0,0,0
Yunnan,22-01-2020,1,1,0,0,1.0,0,0
Yunnan,23-01-2020,2,1,0,0,0.5,0,0
Yunnan,24-01-2020,5,3,0,0,0.6,0,0
Yunnan,25-01-2020,11,6,0,0,0.5454545454545454,0,0
Yunnan,26-01-2020,16,5,0,0,0.3125,0,0
Yunnan,27-01-2020,26,10,0,0,0.38461538461538464,0,0
Yunnan,28-01-2020,44,18,0,0,0.4090909090909091,0,0
Yunnan,29-01-2020,55,11,0,0,0.2,0,0
Yunnan,30-01-2020,70,15,0,0,0.21428571428571427,0,0
Yunnan,31-01-2020,83,13,0,1,0.1566265060240964,0,1
Yunnan,01-02-2020,93,10,0,2,0.10752688172043011,0,1
Yunnan,02-02-2020,105,12,0,3,0.11428571428571428,0,1
Yunnan,03-02-2020,117,12,0,5,0.10256410256410256,0,2
Yunnan,04-02-2020,122,5,0,5,0.040983606557377046,0,0
Yunnan,05-02-2020,128,6,0,5,0.046875,0,0
Yunnan,06-02-2020,133,5,0,7,0.03759398496240601,0,2
Yunnan,07-02-2020,138,5,0,12,0.036231884057971016,0,5
Yunnan,08-02-2020,138,0,0,17,0.0,0,5
Yunnan,09-02-2020,141,3,0,18,0.02127659574468085,0,1
Yunnan,10-02-2020,149,8,0,19,0.053691275167785234,0,1
Yunnan,11-02-2020,153,4,0,20,0.026143790849673203,0,1
Yunnan,12-02-2020,154,1,0,26,0.006493506493506494,0,6
Yunnan,13-02-2020,156,2,0,27,0.01282051282051282,0,1
Yunnan,14-02-2020,162,6,0,36,0.037037037037037035,0,9
Yunnan,15-02-2020,168,6,0,42,0.03571428571428571,0,6
Yunnan,16-02-2020,171,3,0,42,0.017543859649122806,0,0
Yunnan,17-02-2020,171,0,0,47,0.0,0,5
Yunnan,18-02-2020,172,1,0,57,0.005813953488372093,0,10
Yunnan,19-02-2020,172,0,1,60,0.0,1,3
Yunnan,20-02-2020,174,2,2,79,0.011494252873563218,1,19
Yunnan,21-02-2020,174,0,2,96,0.0,0,17
Yunnan,22-02-2020,174,0,2,107,0.0,0,11
Yunnan,23-02-2020,174,0,2,115,0.0,0,8
Yunnan,24-02-2020,174,0,2,124,0.0,0,9
Yunnan,25-02-2020,174,0,2,129,0.0,0,5
Yunnan,26-02-2020,174,0,2,144,0.0,0,15
Yunnan,27-02-2020,174,0,2,150,0.0,0,6
Yunnan,28-02-2020,174,0,2,156,0.0,0,6
Yunnan,29-02-2020,174,0,2,157,0.0,0,1
Yunnan,01-03-2020,174,0,2,163,0.0,0,6
Yunnan,02-03-2020,174,0,2,168,0.0,0,5
Yunnan,03-03-2020,174,0,2,169,0.0,0,1
Yunnan,04-03-2020,174,0,2,169,0.0,0,0
Yunnan,05-03-2020,174,0,2,169,0.0,0,0
Yunnan,06-03-2020,174,0,2,170,0.0,0,1
Yunnan,07-03-2020,174,0,2,170,0.0,0,0
Yunnan,08-03-2020,174,0,2,170,0.0,0,0
Yunnan,09-03-2020,174,0,2,170,0.0,0,0
Yunnan,10-03-2020,174,0,2,170,0.0,0,0
Yunnan,11-03-2020,174,0,2,170,0.0,0,0
Yunnan,12-03-2020,174,0,2,170,0.0,0,0
Yunnan,13-03-2020,174,0,2,170,0.0,0,0
Yunnan,14-03-2020,174,0,2,172,0.0,0,2
Yunnan,15-03-2020,174,0,2,172,0.0,0,0
Zhejiang,22-01-2020,10,10,0,0,1.0,0,0
Zhejiang,23-01-2020,27,17,0,0,0.6296296296296297,0,0
Zhejiang,24-01-2020,43,16,0,1,0.37209302325581395,0,1
Zhejiang,25-01-2020,62,19,0,1,0.3064516129032258,0,0
Zhejiang,26-01-2020,104,42,0,1,0.40384615384615385,0,0
Zhejiang,27-01-2020,128,24,0,1,0.1875,0,0
Zhejiang,28-01-2020,173,45,0,3,0.26011560693641617,0,2
Zhejiang,29-01-2020,296,123,0,3,0.4155405405405405,0,0
Zhejiang,30-01-2020,428,132,0,4,0.308411214953271,0,1
Zhejiang,31-01-2020,538,110,0,14,0.20446096654275092,0,10
Zhejiang,01-02-2020,599,61,0,21,0.1018363939899833,0,7
Zhejiang,02-02-2020,661,62,0,32,0.09379727685325265,0,11
Zhejiang,03-02-2020,724,63,0,43,0.08701657458563536,0,11
Zhejiang,04-02-2020,829,105,0,62,0.12665862484921592,0,19
Zhejiang,05-02-2020,895,66,0,78,0.07374301675977654,0,16
Zhejiang,06-02-2020,954,59,0,94,0.06184486373165619,0,16
Zhejiang,07-02-2020,1006,52,0,123,0.05168986083499006,0,29
Zhejiang,08-02-2020,1048,42,0,175,0.04007633587786259,0,52
Zhejiang,09-02-2020,1075,27,0,201,0.025116279069767444,0,26
Zhejiang,10-02-2020,1092,17,0,242,0.015567765567765568,0,41
Zhejiang,11-02-2020,1117,25,0,270,0.022381378692927483,0,28
Zhejiang,12-02-2020,1131,14,0,321,0.01237842617152962,0,51
Zhejiang,13-02-2020,1145,14,0,360,0.01222707423580786,0,39
Zhejiang,14-02-2020,1155,10,0,403,0.008658008658008658,0,43
Zhejiang,15-02-2020,1162,7,0,428,0.006024096385542169,0,25
Zhejiang,16-02-2020,1167,5,0,456,0.004284490145672665,0,28
Zhejiang,17-02-2020,1171,4,0,507,0.0034158838599487617,0,51
Zhejiang,18-02-2020,1172,1,0,535,0.0008532423208191126,0,28
Zhejiang,19-02-2020,1174,2,0,604,0.0017035775127768314,0,69
Zhejiang,20-02-2020,1175,1,1,633,0.000851063829787234,1,29
Zhejiang,21-02-2020,1203,28,1,679,0.023275145469659187,0,46
Zhejiang,22-02-2020,1205,2,1,719,0.0016597510373443983,0,40
Zhejiang,23-02-2020,1205,0,1,760,0.0,0,41
Zhejiang,24-02-2020,1205,0,1,782,0.0,0,22
Zhejiang,25-02-2020,1205,0,1,808,0.0,0,26
Zhejiang,26-02-2020,1205,0,1,867,0.0,0,59
Zhejiang,27-02-2020,1205,0,1,932,0.0,0,65
Zhejiang,28-02-2020,1205,0,1,975,0.0,0,43
Zhejiang,29-02-2020,1205,0,1,1016,0.0,0,41
Zhejiang,01-03-2020,1205,0,1,1046,0.0,0,30
Zhejiang,02-03-2020,1206,1,1,1069,0.0008291873963515755,0,23
Zhejiang,03-03-2020,1213,7,1,1093,0.005770816158285243,0,24
Zhejiang,04-03-2020,1213,0,1,1114,0.0,0,21
Zhejiang,05-03-2020,1215,2,1,1124,0.0016460905349794238,0,10
Zhejiang,06-03-2020,1215,0,1,1147,0.0,0,23
Zhejiang,07-03-2020,1215,0,1,1154,0.0,0,7
Zhejiang,08-03-2020,1215,0,1,1161,0.0,0,7
Zhejiang,09-03-2020,1215,0,1,1176,0.0,0,15
Zhejiang,10-03-2020,1215,0,1,1191,0.0,0,15
Zhejiang,11-03-2020,1215,0,1,1195,0.0,0,4
Zhejiang,12-03-2020,1215,0,1,1197,0.0,0,2
Zhejiang,13-03-2020,1215,0,1,1197,0.0,0,0
Zhejiang,14-03-2020,1227,12,1,1211,0.009779951100244499,0,14
Zhejiang,15-03-2020,1231,4,1,1211,0.003249390739236393,0,0
